Offer_Id,Entitlement_Name,Partial_PDP
OFB-EAST:109552132,Alchemy™,/store/alchemy/alchemy/standard-edition
OFB-EAST:57154,Alice: Madness Returns™,/store/alice/alice-madness-returns/standard-edition
OFB-EAST:109550790,Amazing Adventures Around the World™,/store/amazing-adventures/amazing-adventures-around-the-world/standard-edition
OFB-EAST:109550791,Amazing Adventures Riddle of the Two Knights™,/store/amazing-adventures/amazing-adventures-riddle-of-the-two-knights/standard-edition
OFB-EAST:109552133,Amazing Adventures The Caribbean Secret™,/store/amazing-adventures/amazing-adventures-the-caribbean-secret/standard-edition
OFB-EAST:109552134,Amazing Adventures The Forgotten Dynasty™,/store/amazing-adventures/amazing-adventures-the-forgotten-dynasty/standard-edition
OFB-EAST:109552135,Amazing Adventures The Lost Tomb™,/store/amazing-adventures/amazing-adventures-the-lost-tomb/standard-edition
Origin.OFR.50.0001930,ARAGAMI,/store/aragami/aragami/standard-edition
OFB-EAST:109545960,Assassin's Creed® III Deluxe Edition,/store/assassins-creed/assassins-creed-iii/deluxe-edition
OFB-EAST:57557,Assassin's Creed® III,/store/assassins-creed/assassins-creed-iii/standard-edition
OFB-EAST:60767,Assassin's Creed® III - Season Pass,/store/assassins-creed/assassins-creed-iii/addon/assassins-creed-iii--season-pass
OFB-EAST:109549492,Assassin's Creed®: Brotherhood Digital Deluxe Edition,/store/assassins-creed/assassins-creed-brotherhood/digital-deluxe-edition
Origin.OFR.50.0000321,Assassin’s Creed® IV Black Flag™ Gold Edition,/store/assassins-creed/assassins-creed-iv-black-flag/gold-edition
Origin.OFR.50.0000317,Assassin’s Creed® IV Black Flag™,/store/assassins-creed/assassins-creed-iv-black-flag/standard-edition
Origin.OFR.50.0000245,Assassin’s Creed® IV Black Flag™ Season Pass,/store/assassins-creed/assassins-creed-iv-black-flag/addon/assassin-s-creed-iv-black-flag-season-pass
Origin.OFR.50.0000593,Assassin's Creed® II Deluxe Edition,/store/assassins-creed/assassins-creed-ii/deluxe-edition
Origin.OFR.50.0000748,Assassin’s Creed® Unity,/store/assassins-creed/assassins-creed-unity/standard-edition
Origin.OFR.50.0001182,Assassin’s Creed® Syndicate,/store/assassins-creed/assassins-creed-syndicate/standard-edition
Origin.OFR.50.0001245,Assassin’s Creed® Syndicate Gold Edition,/store/assassins-creed/assassins-creed-syndicate/gold-edition
Origin.OFR.50.0001180,Assassin’s Creed® Syndicate Season Pass,/store/assassins-creed/assassins-creed-syndicate/addon/assassin-s-creed-syndicate-season-pass
Origin.OFR.50.0001356,The Banner Saga,/store/banner-saga/the-banner-saga/standard-edition
Origin.OFR.50.0001376,The Banner Saga - Mod Content,/store/banner-saga/the-banner-saga/addon/the-banner-saga--mod-content
Origin.OFR.50.0001399,The Banner Saga 2,/store/banner-saga/the-banner-saga-2/standard-edition
Origin.OFR.50.0001400,The Banner Saga 2 Deluxe Edition,/store/banner-saga/the-banner-saga-2/deluxe-edition
Origin.OFR.50.0001404,Bastion,/store/bastion/bastion/standard-edition
OFB-EAST:109545554,Batman: Arkham Asylum (MAC),/store/batman/batman-arkham-asylum/standard-edition
Origin.OFR.50.0001529,Batman: Arkham Asylum Game of the Year Edition,/store/batman/batman-arkham-asylum/game-of-the-year-edition
Origin.OFR.50.0001860,Batman: Arkham City Game of the Year Edition,/store/batman/batman-arkham-city/game-of-the-year-edition--pc
OFB-EAST:59473,Batman: Arkham City Game of the Year Edition (MAC),/store/batman/batman-arkham-city/game-of-the-year-edition--mac
Origin.OFR.50.0001405,Batman™: Arkham Origins,/store/batman/batman-arkham-origins/standard-edition
DR:156691300,Battlefield: Bad Company™ 2,/store/battlefield/battlefield-bad-company-2/standard-edition
OFB-EAST:60885,Battlefield: Bad Company™ 2 Digital Deluxe Edition,/store/battlefield/battlefield-bad-company-2/digital-deluxe-edition
DR:219316800,Battlefield: Bad Company™ 2: Vietnam,/store/battlefield/battlefield-bad-company-2/expansion/battlefield-bad-company-2-vietnam
DR:192365600,Battlefield: Bad Company™2 SPECACT Kit Upgrades,/store/battlefield/battlefield-bad-company-2/addon/battlefield-bad-company2-specact-kit-upgrades
DR:235665900,Battlefield 3™,/store/battlefield/battlefield-3/standard-edition
DR:255751200,Battlefield 3™ Premium Edition,/store/battlefield/battlefield-3/premium-edition
OFB-EAST:41331,Battlefield 3™ Back to Karkand Expansion Pack,/store/battlefield/battlefield-3/expansion/battlefield-3-back-to-karkand-expansion-pack
OFB-EAST:109546437,Battlefield 3™: End Game,/store/battlefield/battlefield-3/expansion/battlefield-3-end-game
OFB-EAST:50631,Battlefield 3™: Close Quarters,/store/battlefield/battlefield-3/expansion/battlefield-3-close-quarters
OFB-EAST:50401,Battlefield 3™ Premium,/store/battlefield/battlefield-3/expansion/battlefield-3-premium
OFB-EAST:51080,Battlefield 3™ Armored Kill,/store/battlefield/battlefield-3/expansion/battlefield-3-armored-kill
OFB-EAST:55172,Battlefield 3™ Aftermath,/store/battlefield/battlefield-3/expansion/battlefield-3-aftermath
OFB-EAST:109541466,Support Kit Shortcut,/store/battlefield/battlefield-3/addon/support-kit-shortcut
OFB-EAST:109541467,Co-op Weapons Shortcut,/store/battlefield/battlefield-3/addon/co-op-weapons-shortcut
OFB-EAST:109541468,Assault Kit Shortcut,/store/battlefield/battlefield-3/addon/assault-kit-shortcut
OFB-EAST:109541470,Kit Shortcut Bundle,/store/battlefield/battlefield-3/addon/kit-shortcut-bundle
OFB-EAST:109541471,Ground Vehicle Shortcut,/store/battlefield/battlefield-3/addon/ground-vehicle-shortcut
OFB-EAST:109541472,The Ultimate Shortcut Bundle,/store/battlefield/battlefield-3/addon/the-ultimate-shortcut-bundle
OFB-EAST:109541473,Recon Kit Shortcut,/store/battlefield/battlefield-3/addon/recon-kit-shortcut
OFB-EAST:109541474,Engineer Kit Shortcut,/store/battlefield/battlefield-3/addon/engineer-kit-shortcut
OFB-EAST:109541475,Vehicle Shortcut Bundle,/store/battlefield/battlefield-3/addon/vehicle-shortcut-bundle
OFB-EAST:55621,Air Vehicle Shortcut,/store/battlefield/battlefield-3/addon/air-vehicle-shortcut
OFB-EAST:60868,Battlefield 3™ SPECACT Kit & Dog Tag Bundle,/store/battlefield/battlefield-3/addon/battlefield-3-specact-kit--dog-tag-bundle
OFB-EAST:109552156,Battlefield 4™,/store/battlefield/battlefield-4/standard-edition
OFB-EAST:109549065,Battlefield 4™ Digital Deluxe,/store/battlefield/battlefield-4/digital-deluxe-edition
OFB-EAST:109552318,Battlefield 4™ Premium Edition,/store/battlefield/battlefield-4/premium-edition
OFB-EAST:109550761,Battlefield 4™ Second Assault,/store/battlefield/battlefield-4/expansion/battlefield-4-second-assault
OFB-EAST:109550762,Battlefield 4™ Premium,/store/battlefield/battlefield-4/expansion/battlefield-4-premium
OFB-EAST:109550763,Battlefield 4™ China Rising,/store/battlefield/battlefield-4/expansion/battlefield-4-china-rising
OFB-EAST:109550764,Battlefield 4™ Dragon's Teeth,/store/battlefield/battlefield-4/expansion/battlefield-4-dragons-teeth
OFB-EAST:109550765,Battlefield 4™ Naval Strike,/store/battlefield/battlefield-4/expansion/battlefield-4-naval-strike
OFB-EAST:109550823,Battlefield 4™ Final Stand,/store/battlefield/battlefield-4/expansion/battlefield-4-final-stand
Origin.OFR.50.0000031,Battlefield 4™ Support Shortcut Kit,/store/battlefield/battlefield-4/addon/battlefield-4-support-shortcut-kit
Origin.OFR.50.0000032,Battlefield 4™ Recon Shortcut Kit,/store/battlefield/battlefield-4/addon/battlefield-4-recon-shortcut-kit
Origin.OFR.50.0000033,Battlefield 4™ Engineer Shortcut Kit,/store/battlefield/battlefield-4/addon/battlefield-4-engineer-shortcut-kit
Origin.OFR.50.0000034,Battlefield 4™ Assault Shortcut Kit,/store/battlefield/battlefield-4/addon/battlefield-4-assault-shortcut-kit
Origin.OFR.50.0000035,Battlefield 4™ Soldier Shortcut Bundle,/store/battlefield/battlefield-4/addon/battlefield-4-soldier-shortcut-bundle
Origin.OFR.50.0000036,Battlefield 4™ Air Vehicle Shortcut Kit,/store/battlefield/battlefield-4/addon/battlefield-4-air-vehicle-shortcut-kit
Origin.OFR.50.0000037,Battlefield 4™ Ground & Sea Vehicle Shortcut Kit,/store/battlefield/battlefield-4/addon/battlefield-4-ground--sea-vehicle-shortcut-kit
Origin.OFR.50.0000038,Battlefield 4™ Vehicle Shortcut Bundle,/store/battlefield/battlefield-4/addon/battlefield-4-vehicle-shortcut-bundle
Origin.OFR.50.0000039,Battlefield 4™ Ultimate Shortcut Bundle,/store/battlefield/battlefield-4/addon/battlefield-4-ultimate-shortcut-bundle
Origin.OFR.50.0000091,Battlefield 4™ Gold Battlepack,/store/battlefield/battlefield-4/addon/battlefield-4-gold-battlepack
Origin.OFR.50.0000092,Battlefield 4™ Silver Battlepack,/store/battlefield/battlefield-4/addon/battlefield-4-silver-battlepack
Origin.OFR.50.0000093,Battlefield 4™ Bronze Battlepack,/store/battlefield/battlefield-4/addon/battlefield-4-bronze-battlepack
Origin.OFR.50.0000355,Battlefield 4™ Carbine Shortcut Kit,/store/battlefield/battlefield-4/addon/battlefield-4-carbine-shortcut-kit
Origin.OFR.50.0000359,Battlefield 4™ Handgun Shortcut Kit,/store/battlefield/battlefield-4/addon/battlefield-4-handgun-shortcut-kit
Origin.OFR.50.0000360,Battlefield 4™ Grenade Shortcut Kit,/store/battlefield/battlefield-4/addon/battlefield-4-grenade-shortcut-kit
Origin.OFR.50.0000363,Battlefield 4™ DMR Shortcut Kit,/store/battlefield/battlefield-4/addon/battlefield-4-dmr-shortcut-kit
Origin.OFR.50.0000364,Battlefield 4™ Shotgun Shortcut Kit,/store/battlefield/battlefield-4/addon/battlefield-4-shotgun-shortcut-kit
Origin.OFR.50.0000392,Battlefield 4™ Weapon Shortcut Bundle,/store/battlefield/battlefield-4/addon/battlefield-4-weapon-shortcut-bundle
Origin.OFR.50.0000404,Battlefield 4™ 3 X Bronze Battlepacks,/store/battlefield/battlefield-4/addon/battlefield-4-3-x-bronze-battlepacks
Origin.OFR.50.0000405,Battlefield 4™ 5 X Bronze Battlepacks,/store/battlefield/battlefield-4/addon/battlefield-4-5-x-bronze-battlepacks
Origin.OFR.50.0000406,Battlefield 4™ 3 X Silver Battlepacks,/store/battlefield/battlefield-4/addon/battlefield-4-3-x-silver-battlepacks
Origin.OFR.50.0000407,Battlefield 4™ 5 X Silver Battlepacks,/store/battlefield/battlefield-4/addon/battlefield-4-5-x-silver-battlepacks
Origin.OFR.50.0000411,Battlefield 4™ 3 X Gold Battlepacks,/store/battlefield/battlefield-4/addon/battlefield-4-3-x-gold-battlepacks
Origin.OFR.50.0000412,Battlefield 4™ 5 X Gold Battlepacks,/store/battlefield/battlefield-4/addon/battlefield-4-5-x-gold-battlepacks
Origin.OFR.50.0000909,Battlefield 4™ Community Operations,/store/battlefield/battlefield-4/addon/battlefield-4-community-operations
Origin.OFR.50.0000910,Battlefield 4™ Night Operations,/store/battlefield/battlefield-4/addon/battlefield-4-night-operations
Origin.OFR.50.0000911,Battlefield 4™ Legacy Operations,/store/battlefield/battlefield-4/addon/battlefield-4-legacy-operations
Origin.OFR.50.0000426,Battlefield™ Hardline Standard Edition,/store/battlefield/battlefield-hardline/standard-edition
Origin.OFR.50.0000519,Battlefield™ Hardline Digital Deluxe,/store/battlefield/battlefield-hardline/digital-deluxe-edition
Origin.OFR.50.0000847,Battlefield™ Hardline Ultimate Edition,/store/battlefield/battlefield-hardline/ultimate-edition
Origin.OFR.50.0000822,Battlefield™ Hardline Premium,/store/battlefield/battlefield-hardline/expansion/battlefield-hardline-premium
Origin.OFR.50.0000824,Battlefield™ Hardline Criminal Activity,/store/battlefield/battlefield-hardline/expansion/battlefield-hardline-criminal-activity
Origin.OFR.50.0000825,Battlefield™ Hardline Robbery,/store/battlefield/battlefield-hardline/expansion/battlefield-hardline-robbery
Origin.OFR.50.0000826,Battlefield™ Hardline Getaway,/store/battlefield/battlefield-hardline/expansion/battlefield-hardline-getaway
Origin.OFR.50.0000827,Battlefield™ Hardline: Betrayal,/store/battlefield/battlefield-hardline/expansion/battlefield-hardline-betrayal
Origin.OFR.50.0000705,Battlefield™ Hardline Gold Battlepack,/store/battlefield/battlefield-hardline/addon/battlefield-hardline-gold-battlepack
Origin.OFR.50.0000706,Battlefield™ Hardline Silver Battlepack,/store/battlefield/battlefield-hardline/addon/battlefield-hardline-silver-battlepack
Origin.OFR.50.0000707,Battlefield™ Hardline Bronze Battlepack,/store/battlefield/battlefield-hardline/addon/battlefield-hardline-bronze-battlepack
Origin.OFR.50.0000708,Battlefield™ Hardline 5 X Gold Battlepacks,/store/battlefield/battlefield-hardline/addon/battlefield-hardline-5-x-gold-battlepacks
Origin.OFR.50.0000710,Battlefield™ Hardline Professional Shortcut Unlock,/store/battlefield/battlefield-hardline/addon/battlefield-hardline-professional-shortcut-unlock
Origin.OFR.50.0000721,Battlefield™ Hardline Operator Shortcut Unlock,/store/battlefield/battlefield-hardline/addon/battlefield-hardline-operator-shortcut-unlock
Origin.OFR.50.0000722,Battlefield™ Hardline Mechanic Shortcut Unlock,/store/battlefield/battlefield-hardline/addon/battlefield-hardline-mechanic-shortcut-unlock
Origin.OFR.50.0000723,Battlefield™ Hardline Enforcer Shortcut Unlock,/store/battlefield/battlefield-hardline/addon/battlefield-hardline-enforcer-shortcut-unlock
Origin.OFR.50.0000805,Battlefield™ Hardline Player Shortcut Unlock,/store/battlefield/battlefield-hardline/addon/battlefield-hardline-player-shortcut-unlock
Origin.OFR.50.0000806,Battlefield™ Hardline Vehicle Shortcut Unlock,/store/battlefield/battlefield-hardline/addon/battlefield-hardline-vehicle-shortcut-unlock
Origin.OFR.50.0000807,Battlefield™ Hardline Ultimate Shortcut Unlock,/store/battlefield/battlefield-hardline/addon/battlefield-hardline-ultimate-shortcut-unlock
Origin.OFR.50.0000934,Battlefield™ Hardline Gear Shortcut Unlock,/store/battlefield/battlefield-hardline/addon/battlefield-hardline-gear-shortcut-unlock
Origin.OFR.50.0001380,Battlefield™ 1,/store/battlefield/battlefield-1/standard-edition
Origin.OFR.50.0001384,Battlefield™ 1 Deluxe Edition,/store/battlefield/battlefield-1/deluxe-edition
Origin.OFR.50.0001667,Battlefield™ 1 Ultimate Edition,/store/battlefield/battlefield-1/ultimate-edition
Origin.OFR.50.0001581,Battlefield™ 1 Premium Pass,/store/battlefield/battlefield-1/addon/battlefield-1-premium-pass
Origin.OFR.50.0001543,Battlefield™ 1 Rent a Server (1 day),/store/battlefield/battlefield-1/addon/battlefield-1-rent-a-server-1-day-
Origin.OFR.50.0001554,Battlefield™ 1 Rent a Server (90 days),/store/battlefield/battlefield-1/addon/battlefield-1-rent-a-server-90-days-
Origin.OFR.50.0001560,Battlefield™ 1 Rent a Server (7 days),/store/battlefield/battlefield-1/addon/battlefield-1-rent-a-server-7-days-
Origin.OFR.50.0001562,Battlefield™ 1 Rent a Server (30 days),/store/battlefield/battlefield-1/addon/battlefield-1-rent-a-server-30-days-
Origin.OFR.50.0001566,Battlefield™ 1 Rent a Server (180 days),/store/battlefield/battlefield-1/addon/battlefield-1-rent-a-server-180-days-
Origin.OFR.50.0001570,Battlefield™ 1 Battlepacks x 5,/store/battlefield/battlefield-1/addon/battlefield-1-battlepacks-x-5
Origin.OFR.50.0001573,Battlefield™ 1 Battlepacks x 20,/store/battlefield/battlefield-1/addon/battlefield-1-battlepacks-x-20
Origin.OFR.50.0001574,Battlefield™ 1 Battlepacks x 3,/store/battlefield/battlefield-1/addon/battlefield-1-battlepacks-x-3
Origin.OFR.50.0001572,Battlefield™ 1 Battlepacks x 10,/store/battlefield/battlefield-1/addon/battlefield-1-battlepacks-x-10
Origin.OFR.50.0001571,Battlefield™ 1 Battlepack,/store/battlefield/battlefield-1/addon/battlefield-1-battlepack
Origin.OFR.50.0001780,Battlefield™ 1 Deluxe Edition Upgrade,/store/battlefield/battlefield-1/addon/battlefield-1-deluxe-edition-upgrade
Origin.OFR.50.0001542,Battlefield™ 1 Shortcut Kit: Scout Bundle,/store/battlefield/battlefield-1/addon/battlefield-1-shortcut-kit-scout-bundle
Origin.OFR.50.0001545,Battlefield™ 1 Shortcut Kit: Vehicle Bundle,/store/battlefield/battlefield-1/addon/battlefield-1-shortcut-kit-vehicle-bundle
Origin.OFR.50.0001546,Battlefield™ 1 Shortcut Kit: Ultimate Bundle,/store/battlefield/battlefield-1/addon/battlefield-1-shortcut-kit-ultimate-bundle
Origin.OFR.50.0001547,Battlefield™ 1 Shortcut Kit: Infantry Bundle,/store/battlefield/battlefield-1/addon/battlefield-1-shortcut-kit-infantry-bundle
Origin.OFR.50.0001548,Battlefield™ 1 Shortcut Kit: Medic Bundle,/store/battlefield/battlefield-1/addon/battlefield-1-shortcut-kit-medic-bundle
Origin.OFR.50.0001549,Battlefield™ 1 Shortcut Kit: Support Bundle,/store/battlefield/battlefield-1/addon/battlefield-1-shortcut-kit-support-bundle
Origin.OFR.50.0001550,Battlefield™ 1 Shortcut Kit: Assault Bundle,/store/battlefield/battlefield-1/addon/battlefield-1-shortcut-kit-assault-bundle
Origin.OFR.50.0001576,Battlefield™ 1 They Shall Not Pass,/store/battlefield/battlefield-1/expansion/battlefield-1-they-shall-not-pass
Origin.OFR.50.0001783,Battlefield™ 1 Community Test Environment,/store/battlefield/battlefield-1/non-origin-edition
Origin.OFR.50.0001958,Beholder,/store/beholder/beholder/standard-edition
Origin.OFR.50.0002145,Beholder: Blissful Sleep,/store/beholder/beholder/digital-standard-edition
OFB-EAST:63039,Bejeweled® 3,/store/bejeweled/bejeweled-3/standard-edition
OFB-EAST:109550788,Bejeweled Twist™,/store/bejeweled/bejeweled-twist/standard-edition
OFB-EAST:109552136,Big Money™,/store/big-money/big-money/standard-edition
DR:226584800,1600 BioWare Points,/store/bioware/bioware-points/currency/1600-bioware-points
DR:226588000,800 BioWare Points,/store/bioware/bioware-points/currency/800-bioware-points
Origin.OFR.50.0000445,Blackguards,/store/blackguards/blackguards/standard-edition
Origin.OFR.50.0000857,The Book of Unwritten Tales 2,/store/book-of-unwritten-tales/the-book-of-unwritten-tales-2/standard-edition
Origin.OFR.50.0000863,The Book of Unwritten Tales 2 Almanac Edition,/store/book-of-unwritten-tales/the-book-of-unwritten-tales-2/almanac-edition
OFB-EAST:109547078,The Book of Unwritten Tales: The Critter Chronicles Standard Edition,/store/book-of-unwritten-tales/the-book-of-unwritten-tales-the-critter-chronicles-standard-edition/standard-edition
Origin.OFR.50.0000508,Bound by Flame,/store/bound-by-flame/bound-by-flame/standard-edition
DR:106479900,Burnout™ Paradise The Ultimate Box,/store/burnout/burnout-paradise/ultimate-edition
OFB-EAST:64817,Burnout™ Paradise Bonus Vehicle Pack,/store/burnout/burnout-paradise/addon/burnout-paradise-bonus-vehicle-pack
OFB-EAST:56399,CITIES XL 2012,/store/cities/cities-xl-2012/standard-edition
OFB-EAST:54863,Command & Conquer™ The Ultimate Collection,/store/command-and-conquer/command-and-conquer-the-ultimate-collection/ultimate-collection
DR:72859500,Command & Conquer 3 Tiberium Wars™,/store/command-and-conquer/command-and-conquer-3/standard-edition
DR:93493700,Command & Conquer™ 3: Kane’s Wrath,/store/command-and-conquer/command-and-conquer-3/expansion/command--conquer-3-kane-s-wrath
DR:106608500,Command & Conquer™ Red Alert™ 3,/store/command-and-conquer/command-and-conquer-red-alert-3/standard-edition
DR:110709700,Command & Conquer™ Red Alert™ 3: Uprising,/store/command-and-conquer/command-and-conquer-red-alert-3/expansion/command--conquer-red-alert-3-uprising
DR:139544900,Command & Conquer™ 4 Tiberian Twilight,/store/command-and-conquer/command-and-conquer-4/standard-edition
Origin.OFR.50.0000005,Command & Conquer: Tiberium Alliances,/store/command-and-conquer/command-and-conquer-tiberium-alliances/free-to-play
DR:272154500,Tiberium Alliances Funds,/store/command-and-conquer/command-and-conquer-tiberium-alliances/currency/tiberium-alliances-funds
DR:231812900,Crusader: No Remorse™,/store/crusader/crusader-no-remorse/standard-edition
OFB-EAST:39132,Crusader: No Regret™,/store/crusader/crusader-no-regret/standard-edition
OFB-EAST:46562,Crusader Kings II,/store/crusader-kings/crusader-kings-ii/standard-edition
OFB-EAST:57289,Crysis®,/store/crysis/crysis/standard-edition
DR:105866100,Crysis Warhead®,/store/crysis/crysis-warhead/expansion/crysis-warhead
OFB-EAST:49464,Crysis® 2 Maximum Edition,/store/crysis/crysis-2/maximum-edition
OFB-EAST:49459,Crysis® 3,/store/crysis/crysis-3/standard-edition
Origin.OFR.50.0001095,Crysis® 3 Digital Deluxe Edition,/store/crysis/crysis-3/digital-deluxe-edition
OFB-EAST:55842,Crysis® 3: The Lost Island,/store/crysis/crysis-3/addon/crysis-3-the-lost-island
Origin.OFR.50.0001109,Crysis® 3 Digital Deluxe Upgrade,/store/crysis/crysis-3/addon/crysis-3-digital-deluxe-upgrade
Origin.OFR.50.0001102,Crysis® Trilogy,/store/crysis/crysis-trilogy/crysis-trilogy
OFB-EAST:109551149,DARK,/store/dark/dark/standard-edition
DR:181833900,Dark Age of Camelot™ 1 Month Time Code,/store/dark-age-of-camelot/dark-age-of-camelot/game-time/dark-age-of-camelot-1-month-time-code
DR:181834000,Dark Age of Camelot™ 3 Month Time Code,/store/dark-age-of-camelot/dark-age-of-camelot/game-time/dark-age-of-camelot-3-month-time-code
DR:181834100,Dark Age of Camelot™ 6 Month Time Code,/store/dark-age-of-camelot/dark-age-of-camelot/game-time/dark-age-of-camelot-6-month-time-code
Origin.OFR.50.0001899,Darksiders Warmastered Edition,/store/darksiders/darksiders/standard-edition
Origin.OFR.50.0001234,Darksiders II Deathinitive Edition,/store/darksiders/darksiders-ii/deathinitive-edition
Origin.OFR.50.0001956,DEAD IN BERMUDA,/store/dead-in-bermuda/dead-in-bermuda/standard-edition
OFB-EAST:56556,Dead Island - Game of the Year Edition,/store/dead-island/dead-island/game-of-the-year-edition
OFB-EAST:109549255,Dead Island Riptide,/store/dead-island/dead-island-riptide/standard-edition
OFB-EAST:109547518,Dead Space™,/store/dead-space/dead-space/standard-edition
OFB-EAST:55620,Dead Space™ 2,/store/dead-space/dead-space-2/standard-edition
OFB-EAST:50885,Dead Space™ 3,/store/dead-space/dead-space-3/standard-edition
OFB-EAST:109546295,Awakened,/store/dead-space/dead-space-3/expansion/awakened
OFB-EAST:109546298,Tundra Recon Pack,/store/dead-space/dead-space-3/addon/tundra-recon-pack
OFB-EAST:109546299,Marauder Pack,/store/dead-space/dead-space-3/addon/marauder-pack
OFB-EAST:109546300,Sharpshooter Pack,/store/dead-space/dead-space-3/addon/sharpshooter-pack
OFB-EAST:109546301,First Contact Pack,/store/dead-space/dead-space-3/addon/first-contact-pack
OFB-EAST:109546302,Witness the Truth Pack,/store/dead-space/dead-space-3/addon/witness-the-truth-pack
OFB-EAST:109546360,Bot Personality Pack,/store/dead-space/dead-space-3/addon/bot-personality-pack
OFB-EAST:109546361,Bot Capacity Upgrade,/store/dead-space/dead-space-3/addon/bot-capacity-upgrade
OFB-EAST:109546362,Bot Accelerator,/store/dead-space/dead-space-3/addon/bot-accelerator
OFB-EAST:109546363,EG-900 SMG,/store/dead-space/dead-space-3/addon/eg-900-smg
OFB-EAST:109546714,Enervator,/store/dead-space/dead-space-3/addon/enervator
OFB-EAST:59716,Tau Volantis Survival Kit,/store/dead-space/dead-space-3/addon/tau-volantis-survival-kit
OFB-EAST:1000009,Goodbye Deponia,/store/deponia/goodbye-deponia/standard-edition
OFB-EAST:109546497,DmC Devil May Cry™,/store/devil-may-cry/dmc-devil-may-cry/standard-edition
OFB-EAST:51582,Dragon Age™: Origins,/store/dragon-age/dragon-age-origins/standard-edition
Origin.OFR.50.0001540,Dragon Age™: Origins Digital Deluxe Edition,/store/dragon-age/dragon-age-origins/digital-deluxe-edition
Origin.OFR.50.0001535,Dragon Age™: Origins - Ultimate Edition,/store/dragon-age/dragon-age-origins/ultimate-edition
DR:169789300,Dragon Age™: Origins - Awakening,/store/dragon-age/dragon-age-origins/expansion/dragon-age-origins--awakening
OFB-EAST:59474,Dragon Age™ II,/store/dragon-age/dragon-age-ii/standard-edition
OFB-EAST:1000026,Dragon Age™: Inquisition,/store/dragon-age/dragon-age-inquisition/standard-edition
Origin.OFR.50.0000484,Dragon Age™: Inquisition Digital Deluxe,/store/dragon-age/dragon-age-inquisition/digital-deluxe-edition
Origin.OFR.50.0001108,Dragon Age™: Inquisition - Game of the Year Edition,/store/dragon-age/dragon-age-inquisition/game-of-the-year-edition
Origin.OFR.50.0001048,Dragon Age™: Inquisition (Trial),/store/dragon-age/dragon-age-inquisition/trial
OFB-EAST:1000025,Dragon Age™: Inquisition Deluxe Upgrade,/store/dragon-age/dragon-age-inquisition/addon/dragon-age-inquisition-deluxe-upgrade
Origin.OFR.50.0000665,Dragon Age™: Inquisition English Voice Over Pack,/store/dragon-age/dragon-age-inquisition/addon/dragon-age-inquisition-english-voice-over-pack
Origin.OFR.50.0000674,Dragon Age™: Inquisition - Destruction Multiplayer Expansion,/store/dragon-age/dragon-age-inquisition/addon/dragon-age-inquisition--destruction-multiplayer-expansion
Origin.OFR.50.0000675,Dragon Age™: Inquisition - Jaws of Hakkon,/store/dragon-age/dragon-age-inquisition/addon/dragon-age-inquisition--jaws-of-hakkon
Origin.OFR.50.0000828,Dragon Age™: Inquisition - Dragonslayer Multiplayer Expansion,/store/dragon-age/dragon-age-inquisition/addon/dragon-age-inquisition--dragonslayer-multiplayer-expansion
Origin.OFR.50.0000858,Dragon Age™: Inquisition - The Black Emporium,/store/dragon-age/dragon-age-inquisition/addon/dragon-age-inquisition--the-black-emporium
Origin.OFR.50.0000985,Dragon Age™: Inquisition - Spoils of the Avvar,/store/dragon-age/dragon-age-inquisition/addon/dragon-age-inquisition--spoils-of-the-avvar
Origin.OFR.50.0001047,Dragon Age™: Inquisition - Spoils of the Qunari,/store/dragon-age/dragon-age-inquisition/addon/dragon-age-inquisition--spoils-of-the-qunari
Origin.OFR.50.0001055,Dragon Age™: Inquisition - The Descent,/store/dragon-age/dragon-age-inquisition/addon/dragon-age-inquisition--the-descent
Origin.OFR.50.0001056,Dragon Age™: Inquisition - Trespasser,/store/dragon-age/dragon-age-inquisition/addon/dragon-age-inquisition--trespasser
Origin.OFR.50.0000201,Dragon Age™ Multiplayer 300 Platinum,/store/dragon-age/dragon-age-inquisition/currency/dragon-age-multiplayer-300-platinum
Origin.OFR.50.0000202,Dragon Age™ Multiplayer 1025 Platinum,/store/dragon-age/dragon-age-inquisition/currency/dragon-age-multiplayer-1025-platinum
Origin.OFR.50.0000203,Dragon Age™ Multiplayer 2150 Platinum,/store/dragon-age/dragon-age-inquisition/currency/dragon-age-multiplayer-2150-platinum
Origin.OFR.50.0000204,Dragon Age™ Multiplayer 3300 Platinum,/store/dragon-age/dragon-age-inquisition/currency/dragon-age-multiplayer-3300-platinum
Origin.OFR.50.0000555,Dragon Age™ Multiplayer 5600 Platinum,/store/dragon-age/dragon-age-inquisition/currency/dragon-age-multiplayer-5600-platinum
Origin.OFR.50.0000556,Dragon Age™ Multiplayer 11500 Platinum,/store/dragon-age/dragon-age-inquisition/currency/dragon-age-multiplayer-11500-platinum
DR:231813000,Dungeon Keeper™,/store/dungeon-keeper/dungeon-keeper/standard-edition
OFB-EAST:39131,Dungeon Keeper™ 2,/store/dungeon-keeper/dungeon-keeper-2/standard-edition
Origin.OFR.50.0001371,Dungeons of Dredmor Complete,/store/dungeonsofdredmor/dungeons-of-dredmor/standard-edition
OFB-EAST:109552140,Dynomite!™,/store/dynomite/dynomite-/standard-edition
Origin.OFR.50.0001938,Epistory - Typing Chronicles,/store/epistory/epistory/standard-edition
OFB-EAST:109552131,Escape Whisper Valley™,/store/escape/escape-whisper-valley/standard-edition
OFB-EAST:109552141,Escape The Emerald Star™,/store/escape/escape-the-emerald-star/standard-edition
Origin.OFR.50.0000301,Escape Rosecliff Island™,/store/escape/escape-rosecliff-island/standard-edition
OFB-EAST:55705,Euro Truck Simulator 2,/store/euro-truck-simulator/euro-truck-simulator-2/standard-edition
Origin.OFR.50.0000819,EVE Online Core Starter Pack,/store/eve-online/eve-online/game-time/eve-online-core-starter-pack
OFB-EAST:57511,Far Cry® 3,/store/far-cry/far-cry-3/standard-edition
OFB-EAST:57513,Far Cry® 3 Deluxe Edition,/store/far-cry/far-cry-3/deluxe-edition
Origin.OFR.50.0000756,Far Cry® 4,/store/far-cry/far-cry-4/standard-edition
Origin.OFR.50.0000658,Far Cry® 4 Gold Edition,/store/far-cry/far-cry-4/gold-edition
Origin.OFR.50.0000640,Far Cry® 4 Season Pass,/store/far-cry/far-cry-4/expansion/far-cry-4-season-pass
Origin.OFR.50.0000592,Far Cry® 3 Blood Dragon,/store/far-cry/far-cry-3-blood-dragon/standard-edition
OFB-EAST:56820,Farming-Simulator 2013®,/store/farming-simulator/farming-simulator-2013/standard-edition
Origin.OFR.50.0000734,Farming Simulator 15,/store/farming-simulator/farming-simulator-15/standard-edition
Origin.OFR.50.0001787,Farming Simulator 17,/store/farming-simulator/farming-simulator-17/standard-edition
OFB-EAST:51761,F.3.A.R.,/store/fear/f3ar/standard-edition
OFB-EAST:109552142,Feeding Frenzy™ 2 Deluxe,/store/feeding-frenzy/feeding-frenzy-2/deluxe-edition
Origin.OFR.50.0000536,FIFA 15,/store/fifa/fifa-15/standard-edition
OFB-FIFA:109555586,FIFA Points 100,/store/fifa/fifa-15/currency/fifa-points-100
OFB-FIFA:109555619,FIFA Points 250,/store/fifa/fifa-15/currency/fifa-points-250
OFB-FIFA:109555436,FIFA Points 500,/store/fifa/fifa-15/currency/fifa-points-500
OFB-FIFA:109555437,FIFA Points 750,/store/fifa/fifa-15/currency/fifa-points-750
OFB-FIFA:109555438,FIFA Points 1050,/store/fifa/fifa-15/currency/fifa-points-1050
OFB-FIFA:109555439,FIFA Points 1575,/store/fifa/fifa-15/currency/fifa-points-1575
OFB-FIFA:109555440,FIFA Points 2200,/store/fifa/fifa-15/currency/fifa-points-2200
OFB-FIFA:109555441,FIFA Points 4600,/store/fifa/fifa-15/currency/fifa-points-4600
Origin.OFR.50.0000781,FIFA 16,/store/fifa/fifa-16/standard-edition
Origin.OFR.50.0000943,FIFA 16 Deluxe Edition,/store/fifa/fifa-16/deluxe-edition
Origin.OFR.50.0000945,FIFA 16 Super Deluxe Edition,/store/fifa/fifa-16/super-deluxe-edition
Origin.OFR.50.0000914,100 FIFA 16 Points,/store/fifa/fifa-16/currency/100-fifa-16-points
Origin.OFR.50.0000915,250 FIFA 16 Points,/store/fifa/fifa-16/currency/250-fifa-16-points
Origin.OFR.50.0000916,500 FIFA 16 Points,/store/fifa/fifa-16/currency/500-fifa-16-points
Origin.OFR.50.0000917,750 FIFA 16 Points,/store/fifa/fifa-16/currency/750-fifa-16-points
Origin.OFR.50.0000918,"1,050 FIFA 16 Points",/store/fifa/fifa-16/currency/1-050-fifa-16-points
Origin.OFR.50.0000919,"1,600 FIFA 16 Points",/store/fifa/fifa-16/currency/1-600-fifa-16-points
Origin.OFR.50.0000920,"2,200 FIFA 16 Points",/store/fifa/fifa-16/currency/2-200-fifa-16-points
Origin.OFR.50.0000921,"4,600 FIFA 16 Points",/store/fifa/fifa-16/currency/4-600-fifa-16-points
Origin.OFR.50.0001024,"12,000 FIFA 16 Points",/store/fifa/fifa-16/currency/12-000-fifa-16-points
Origin.OFR.50.0001508,FIFA 17 Deluxe Edition,/store/fifa/fifa-17/deluxe-edition
Origin.OFR.50.0001510,FIFA 17 Super Deluxe Edition,/store/fifa/fifa-17/super-deluxe-edition
Origin.OFR.50.0001057,FIFA 17,/store/fifa/fifa-17/standard-edition
Origin.OFR.50.0001322,100 FIFA 17 Points Pack,/store/fifa/fifa-17/currency/100-fifa-17-points-pack
Origin.OFR.50.0001324,250 FIFA 17 Points Pack,/store/fifa/fifa-17/currency/250-fifa-17-points-pack
Origin.OFR.50.0001325,500 FIFA 17 Points Pack,/store/fifa/fifa-17/currency/500-fifa-17-points-pack
Origin.OFR.50.0001326,750 FIFA 17 Points Pack,/store/fifa/fifa-17/currency/750-fifa-17-points-pack
Origin.OFR.50.0001327,1050 FIFA 17 Points Pack,/store/fifa/fifa-17/currency/1050-fifa-17-points-pack
Origin.OFR.50.0001328,1600 FIFA 17 Points Pack,/store/fifa/fifa-17/currency/1600-fifa-17-points-pack
Origin.OFR.50.0001329,2200 FIFA 17 Points Pack,/store/fifa/fifa-17/currency/2200-fifa-17-points-pack
Origin.OFR.50.0001330,4600 FIFA 17 Points Pack,/store/fifa/fifa-17/currency/4600-fifa-17-points-pack
Origin.OFR.50.0001331,12000 FIFA 17 Points Pack,/store/fifa/fifa-17/currency/12000-fifa-17-points-pack
Origin.OFR.50.0002011,FIFA 18,/store/fifa/fifa-18/standard-edition
Origin.OFR.50.0002044,FIFA 18 Ronaldo Edition,/store/fifa/fifa-18/ronaldo-edition
Origin.OFR.50.0002051,FIFA 18 ICON Edition,/store/fifa/fifa-18/icon-edition
Origin.OFR.50.0001692,For Honor™ Standard Edition,/store/for-honor/for-honor/standard-edition
Origin.OFR.50.0001704,For Honor™ Deluxe Edition,/store/for-honor/for-honor/deluxe-edition
Origin.OFR.50.0001714,For Honor™ Gold Edition,/store/for-honor/for-honor/gold-edition
Origin.OFR.50.0001717,For Honor™ Season Pass,/store/for-honor/for-honor/expansion/for-honor-season-pass
OFB-EAST:56821,F1 2012™,/store/formula-one/f1-2012/standard-edition
OFB-EAST:57531,F1 RACE STARS,/store/formula-one/f-race-stars/standard-edition
Origin.OFR.50.0001935,Furi,/store/furi/furi/standard-edition
OFB-EAST:59024,The Game of Life™,/store/game-of-life/the-game-of-life/standard-edition
OFB-EAST:49030,Game of Thrones,/store/game-of-thrones/game-of-thrones/standard-edition
Origin.OFR.50.0002253,GHOST 1.0,/store/ghost-1-0/ghost-1-0/standard-edition
OFB-EAST:59316,Giana Sisters: Twisted Dreams,/store/giana-sisters/giana-sisters-twisted-dreams/standard-edition
Origin.OFR.50.0002048,Hacknet,/store/hacknet/hacknet/standard-edition
Origin.OFR.50.0002132,Hacknet Complete Edition,/store/hacknet/hacknet/complete-edition
Origin.OFR.50.0002133,Hacknet Ultimate Edition,/store/hacknet/hacknet/ultimate-edition
Origin.OFR.50.0002134,Hacknet Labyrinths,/store/hacknet/hacknet/expansion/hacknet-labyrinths
Origin.OFR.50.0002135,Hacknet Labyrinths - Soundtrack,/store/hacknet/hacknet/addon/hacknet-labyrinths--soundtrack-
OFB-EAST:55320,Monopoly,/store/hasbro/monopoly/standard-edition
Origin.OFR.50.0002289,Hello Neighbor,/store/hello-neighbor/hello-neighbor/standard-edition
OFB-EAST:109548949,Hitman: Absolution™,/store/hitman/hitman-absolution/standard-edition
OFB-EAST:109552143,Insaniquarium™,/store/insaniquarium/insaniquarium/standard-edition
Origin.OFR.50.0001942,INSIDE + LIMBO,/store/inside/inside/inside--limbo
Origin.OFR.50.0001941,INSIDE,/store/inside/inside/standard-edition
OFB-EAST:1000017,Jade Empire™: Special Edition,/store/jade-empire/jade-empire/special-edition
DR:232511600,Kingdoms of Amalur: Reckoning™,/store/kingdoms-of-amalur-reckoning/kingdoms-of-amalur-reckoning/standard-edition
DR:244122500,Kingdoms of Amalur: Reckoning™ - Weapons & Armor Bundle Downloadable Content,/store/kingdoms-of-amalur-reckoning/kingdoms-of-amalur-reckoning/addon/kingdoms-of-amalur-reckoning--weapons--armor-bundle-downloadable-content
OFB-EAST:45293,Kingdoms of Amalur: Reckoning™ - The Legend of Dead Kel™,/store/kingdoms-of-amalur-reckoning/kingdoms-of-amalur-reckoning/addon/kingdoms-of-amalur-reckoning--the-legend-of-dead-kel
OFB-EAST:45294,Kingdoms of Amalur: Reckoning™ - Teeth of Naros,/store/kingdoms-of-amalur-reckoning/kingdoms-of-amalur-reckoning/addon/kingdoms-of-amalur-reckoning--teeth-of-naros
OFB-EAST:49460,Lands of Lore™: The Throne of Chaos,/store/lands-of-lore/lands-of-lore-the-throne-of-chaos/standard-edition
OFB-EAST:49461,Lands of Lore™ Guardians of Destiny,/store/lands-of-lore/lands-of-lore-guardians-of-destiny/standard-edition
OFB-EAST:49462,Lands of Lore™ III,/store/lands-of-lore/lands-of-lore-iii/standard-edition
Origin.OFR.50.0001861,LEGO® Batman 2 DC Super Heroes™,/store/lego/lego-batman-dc-superheroes/standard-edition--pc
OFB-EAST:109545218,LEGO® Batman 2 DC Super Heroes™ (MAC),/store/lego/lego-batman-dc-superheroes/standard-edition--mac
OFB-EAST:109545708,LEGO® Batman (MAC),/store/lego/lego-batman/standard-edition
OFB-EAST:109545709,LEGO Harry Potter: Years 1-4 (MAC),/store/lego/lego-harry-potter-years-1-4/standard-edition
OFB-EAST:109545710,LEGO Harry Potter: Years 5-7 (MAC),/store/lego/lego-harry-potter-years-5-7/standard-edition
OFB-EAST:109545712,LEGO Star Wars III: The Clone Wars (MAC),/store/lego/lego-star-wars-iii-the-clone-wars/standard-edition
Origin.OFR.50.0001403,LEGO® The Lord of the Rings,/store/lego/lego-the-lord-of-the-rings/standard-edition
Origin.OFR.50.0001943,LIMBO,/store/limbo/limbo/standard-edition
OFB-EAST:42382,Lord of the Rings: War in the North,/store/lord-of-the-rings/lord-of-the-rings-war-in-the-north/standard-edition
Origin.OFR.50.0002275,Mad Games Tycoon,/store/mad-games-tycoon/mad-games-tycoon/standard-edition
DR:231813100,Magic Carpet™,/store/magic-carpet/magic-carpet/standard-edition
OFB-EAST:55465,Mass Effect™,/store/mass-effect/mass-effect/standard-edition
Origin.OFR.50.0001377,Mass Effect™ 2 Digital Deluxe Edition,/store/mass-effect/mass-effect-2/deluxe-edition
OFB-EAST:56694,Mass Effect™ 2,/store/mass-effect/mass-effect-2/standard-edition
DR:229644400,Mass Effect™ 3,/store/mass-effect/mass-effect-3/standard-edition
OFB-EAST:43438,Mass Effect™ 3 N7 Digital Deluxe Edition,/store/mass-effect/mass-effect-3/digital-deluxe-edition
OFB-EAST:52002,The Final Hours Of Mass Effect™ 3,/store/mass-effect/mass-effect-3/addon/the-final-hours-of-mass-effect-3
OFB-EAST:58735,Mass Effect™ 3 Digital Deluxe Edition Upgrade,/store/mass-effect/mass-effect-3/addon/mass-effect-3-digital-deluxe-edition-upgrade
DR:257846700,Mass Effect™ Trilogy,/store/mass-effect/mass-effect-trilogy/standard-edition
Origin.OFR.50.0001539,Mass Effect™: Andromeda,/store/mass-effect/mass-effect-andromeda/standard-edition
Origin.OFR.50.0001649,Mass Effect™: Andromeda Deluxe Edition,/store/mass-effect/mass-effect-andromeda/deluxe-edition
Origin.OFR.50.0001261,5750 Mass Effect™: Andromeda Points,/store/mass-effect/mass-effect-andromeda/currency/5750-mass-effect-andromeda-points
Origin.OFR.50.0001262,3250 Mass Effect™: Andromeda Points,/store/mass-effect/mass-effect-andromeda/currency/3250-mass-effect-andromeda-points
Origin.OFR.50.0001263,500 Mass Effect™: Andromeda Points,/store/mass-effect/mass-effect-andromeda/currency/500-mass-effect-andromeda-points
Origin.OFR.50.0001264,1050 Mass Effect™: Andromeda Points,/store/mass-effect/mass-effect-andromeda/currency/1050-mass-effect-andromeda-points
Origin.OFR.50.0001265,2150 Mass Effect™: Andromeda Points,/store/mass-effect/mass-effect-andromeda/currency/2150-mass-effect-andromeda-points
Origin.OFR.50.0001911,12000 Mass Effect™: Andromeda Points,/store/mass-effect/mass-effect-andromeda/currency/12000-mass-effect-andromeda-points
Origin.OFR.50.0001773,Mass Effect™: Andromeda Deluxe Upgrade,/store/mass-effect/mass-effect-andromeda/addon/mass-effect-andromeda-deluxe-upgrade
Origin.OFR.50.0000369,Medal of Honor Allied Assault™ War Chest,/store/medal-of-honor/medal-of-honor-allied-assault/standard-edition
Origin.OFR.50.0000357,Medal of Honor™ Pacific Assault,/store/medal-of-honor/medal-of-honor-pacific-assault/standard-edition
DR:77034400,Medal of Honor Airborne™,/store/medal-of-honor/medal-of-honor-airborne/standard-edition
DR:215617400,Medal of Honor™,/store/medal-of-honor/medal-of-honor/standard-edition
DR:220275900,Medal of Honor™ Hot Zone Map Pack,/store/medal-of-honor/medal-of-honor/addon/medal-of-honor-hot-zone-map-pack
OFB-EAST:46113,Medal of Honor™ Warfighter,/store/medal-of-honor/medal-of-honor-warfighter/standard-edition
OFB-EAST:50884,Medal of Honor™ Warfighter Digital Deluxe,/store/medal-of-honor/medal-of-honor-warfighter/digital-deluxe-edition
OFB-EAST:55302,Medal of Honor™ Warfighter Assaulter Shortcut Pack,/store/medal-of-honor/medal-of-honor-warfighter/addon/medal-of-honor-warfighter-assaulter-shortcut-pack
OFB-EAST:55304,Medal of Honor™ Warfighter Sniper Shortcut Pack,/store/medal-of-honor/medal-of-honor-warfighter/addon/medal-of-honor-warfighter-sniper-shortcut-pack
OFB-EAST:55308,Medal of Honor™ Warfighter Spec Ops Shortcut Pack,/store/medal-of-honor/medal-of-honor-warfighter/addon/medal-of-honor-warfighter-spec-ops-shortcut-pack
OFB-EAST:55310,Medal of Honor™ Warfighter Demolitions Shortcut Pack,/store/medal-of-honor/medal-of-honor-warfighter/addon/medal-of-honor-warfighter-demolitions-shortcut-pack
OFB-EAST:55314,Medal of Honor™ Warfighter Point Man Shortcut Pack,/store/medal-of-honor/medal-of-honor-warfighter/addon/medal-of-honor-warfighter-point-man-shortcut-pack
OFB-EAST:55316,Medal of Honor™ Warfighter Heavy Gunner Shortcut Pack,/store/medal-of-honor/medal-of-honor-warfighter/addon/medal-of-honor-warfighter-heavy-gunner-shortcut-pack
OFB-EAST:55318,Medal of Honor™ Warfighter Global Warfighter Shortcut Pack,/store/medal-of-honor/medal-of-honor-warfighter/addon/medal-of-honor-warfighter-global-warfighter-shortcut-pack
OFB-EAST:56699,Medal of Honor™ Warfighter The Hunt Map Pack,/store/medal-of-honor/medal-of-honor-warfighter/addon/medal-of-honor-warfighter-the-hunt-map-pack
DR:105730600,Mercenaries 2: World in Flames™,/store/mercenaries/mercenaries-world-in-flames/standard-edition
Origin.OFR.50.0000413,METAL GEAR RISING: REVENGEANCE,/store/metal-gear/metal-gear-rising-revengeance/standard-edition
OFB-EAST:109547308,Metro: Last Light,/store/metro/metro-last-light/standard-edition
Origin.OFR.50.0002351,Metro: Last Light Redux,/store/metro/metro-last-light-redux/standard-edition
OFB-EAST:57290,Metro 2033,/store/metro/metro-2033/standard-edition
Origin.OFR.50.0001613,Mini Metro,/store/mini-metro/mini-metro/standard-edition
Origin.OFR.50.0001843,Mirror's Edge (2009),/store/mirrors-edge/mirrors-edge/standard-edition
Origin.OFR.50.0000999,Mirror's Edge™ Catalyst,/store/mirrors-edge/mirrors-edge-catalyst/standard-edition
Origin.OFR.50.0001306,Mirror's Edge™ Catalyst Runner Kit Bundle,/store/mirrors-edge/mirrors-edge-catalyst/addon/mirrors-edge-catalyst-runner-kit-bundle
DR:106449100,MySims™,/store/mysims/mysims/standard-edition
OFB-EAST:109550794,Mystery P.I.™ - The Curious Case of Counterfeit Cove,/store/mystery-pi/mystery-p-i-the-curious-case-of-counterfeit-cove/standard-edition
OFB-EAST:109552144,Mystery P.I.™ – Lost in Los Angeles,/store/mystery-pi/mystery-p-i-lost-in-los-angeles/standard-edition
OFB-EAST:109552145,Mystery P.I.™ – Stolen in San Francisco,/store/mystery-pi/mystery-p-i-stolen-in-san-francisco/standard-edition
OFB-EAST:109552146,Mystery P.I.™ – The London Caper,/store/mystery-pi/mystery-p-i-the-london-caper/standard-edition
OFB-EAST:109552147,Mystery P.I.™ - The Lottery Ticket,/store/mystery-pi/mystery-p-i-the-lottery-ticket/standard-edition
OFB-EAST:109552148,Mystery P.I.™ - The New York Fortune,/store/mystery-pi/mystery-p-i-the-new-york-fortune/standard-edition
OFB-EAST:109552149,Mystery P.I.™ – The Vegas Heist,/store/mystery-pi/mystery-p-i-the-vegas-heist/standard-edition
DR:105868200,Need for Speed™ Undercover,/store/need-for-speed/need-for-speed-undercover/standard-edition
OFB-EAST:60946,Need for Speed™ SHIFT,/store/need-for-speed/need-for-speed-shift/standard-edition
OFB-EAST:109548954,Need for Speed™ Hot Pursuit,/store/need-for-speed/need-for-speed-hot-pursuit/standard-edition
OFB-EAST:60957,SHIFT 2 UNLEASHED™,/store/need-for-speed/shift-2-unleashed/standard-edition
DR:231088400,Need for Speed™ The Run,/store/need-for-speed/need-for-speed-the-run/standard-edition
OFB-EAST:52698,Need for Speed™ Most Wanted,/store/need-for-speed/need-for-speed-most-wanted/standard-edition
OFB-EAST:109548103,Need for Speed™ Most Wanted NFS Heroes Pack,/store/need-for-speed/need-for-speed-most-wanted/addon/need-for-speed-most-wanted-nfs-heroes-pack
OFB-EAST:109548104,Need for Speed™ Most Wanted Movie Legends Pack,/store/need-for-speed/need-for-speed-most-wanted/addon/need-for-speed-most-wanted-movie-legends-pack
OFB-EAST:109548106,Premium Timesavers Pack,/store/need-for-speed/need-for-speed-most-wanted/addon/premium-timesavers-pack
OFB-EAST:109548130,Multiplayer Booster Pack,/store/need-for-speed/need-for-speed-most-wanted/addon/multiplayer-booster-pack
OFB-EAST:109548131,Need for Speed™ Most Wanted Terminal Velocity Pack,/store/need-for-speed/need-for-speed-most-wanted/addon/need-for-speed-most-wanted-terminal-velocity-pack
OFB-EAST:109548132,Need for Speed™ Most Wanted Mod Unlock 1,/store/need-for-speed/need-for-speed-most-wanted/addon/need-for-speed-most-wanted-mod-unlock-1-
OFB-EAST:109548133,Need for Speed™ Most Wanted Mod Unlock 2,/store/need-for-speed/need-for-speed-most-wanted/addon/need-for-speed-most-wanted-mod-unlock-2
OFB-EAST:109548134,Need for Speed™ Most Wanted Mod Unlock 3,/store/need-for-speed/need-for-speed-most-wanted/addon/need-for-speed-most-wanted-mod-unlock-3-
OFB-EAST:109548145,Premium Modification Unlock,/store/need-for-speed/need-for-speed-most-wanted/addon/premium-modification-unlock
OFB-EAST:109548147,Need for Speed™ Most Wanted Deluxe DLC Bundle,/store/need-for-speed/need-for-speed-most-wanted/addon/need-for-speed-most-wanted-deluxe-dlc-bundle
OFB-EAST:109548694,Need for Speed™ Most Wanted Complete DLC Bundle,/store/need-for-speed/need-for-speed-most-wanted/addon/need-for-speed-most-wanted-complete-dlc-bundle
OFB-EAST:52651,Need for Speed™ Most Wanted Time Saver Pack,/store/need-for-speed/need-for-speed-most-wanted/addon/need-for-speed-most-wanted-time-saver-pack
OFB-EAST:58267,Need for Speed™ Most Wanted Ultimate Speed Pack,/store/need-for-speed/need-for-speed-most-wanted/addon/need-for-speed-most-wanted-ultimate-speed-pack
OFB-EAST:56522,Need for Speed™ Rivals,/store/need-for-speed/need-for-speed-rivals/standard-edition
Origin.OFR.50.0000679,Need for Speed™ Rivals: Complete Edition,/store/need-for-speed/need-for-speed-rivals/complete-edition
OFB-EAST:109551865,Need for Speed™ Rivals Timesaver Pack,/store/need-for-speed/need-for-speed-rivals/addon/need-for-speed-rivals-timesaver-pack
Origin.OFR.50.0000368,Need for Speed™ Rivals Loaded Garage Pack,/store/need-for-speed/need-for-speed-rivals/addon/need-for-speed-rivals-loaded-garage-pack
Origin.OFR.50.0000414,Need for Speed™ Rivals Ferrari Edizioni Speciali Complete Pack,/store/need-for-speed/need-for-speed-rivals/addon/need-for-speed-rivals-ferrari-edizioni-speciali-complete-pack
Origin.OFR.50.0000415,Need for Speed™ Rivals Concept Lamborghini Complete Pack,/store/need-for-speed/need-for-speed-rivals/addon/need-for-speed-rivals-concept-lamborghini-complete-pack
Origin.OFR.50.0000416,Need for Speed™ Rivals Ferrari Edizioni Speciali Racers,/store/need-for-speed/need-for-speed-rivals/addon/need-for-speed-rivals-ferrari-edizioni-speciali-racers
Origin.OFR.50.0000417,Need for Speed™ Rivals Simply Jaguar Complete Pack,/store/need-for-speed/need-for-speed-rivals/addon/need-for-speed-rivals-simply-jaguar-complete-pack
Origin.OFR.50.0000418,Need for Speed™ Complete Movie Pack,/store/need-for-speed/need-for-speed-rivals/addon/need-for-speed-rivals-complete-movie-pack
Origin.OFR.50.0000419,Need for Speed™ Rivals Ferrari Edizioni Speciali Cops,/store/need-for-speed/need-for-speed-rivals/addon/need-for-speed-rivals-ferrari-edizioni-speciali-cops
Origin.OFR.50.0000420,Need for Speed™ Rivals Concept Lamborghini Racers,/store/need-for-speed/need-for-speed-rivals/addon/need-for-speed-rivals-concept-lamborghini-racers
Origin.OFR.50.0000421,Need for Speed™ Rivals Movie Pack - Cops,/store/need-for-speed/need-for-speed-rivals/addon/need-for-speed-rivals-movie-pack--cops
Origin.OFR.50.0000422,Need for Speed™ Rivals Concept Lamborghini Cops,/store/need-for-speed/need-for-speed-rivals/addon/need-for-speed-rivals-concept-lamborghini-cops
Origin.OFR.50.0000423,Need for Speed™ Rivals Movie Pack - Racers,/store/need-for-speed/need-for-speed-rivals/addon/need-for-speed-rivals-movie-pack--racers
Origin.OFR.50.0000424,Need for Speed™ Rivals Simply Jaguar Cops,/store/need-for-speed/need-for-speed-rivals/addon/need-for-speed-rivals-simply-jaguar-cops
Origin.OFR.50.0000425,Need for Speed™ Rivals Simply Jaguar Racers,/store/need-for-speed/need-for-speed-rivals/addon/need-for-speed-rivals-simply-jaguar-racers
Origin.OFR.50.0000437,Need for Speed™ Rivals Koenigsegg One:1,/store/need-for-speed/need-for-speed-rivals/addon/need-for-speed-rivals-koenigsegg-one-1
Origin.OFR.50.0000687,Need for Speed™ Rivals: Complete Edition Bundle Pack,/store/need-for-speed/need-for-speed-rivals/addon/need-for-speed-rivals-complete-edition-bundle-pack
Origin.OFR.50.0000995,Need for Speed™,/store/need-for-speed/need-for-speed/standard-edition
Origin.OFR.50.0001009,Need for Speed™ Deluxe Edition,/store/need-for-speed/need-for-speed/deluxe-edition
Origin.OFR.50.0000992,Need for Speed™ Deluxe Upgrade Pack,/store/need-for-speed/need-for-speed/addon/need-for-speed-deluxe-upgrade-pack
Origin.OFR.50.0002176,Need for Speed™ Payback,/store/need-for-speed/need-for-speed-payback/standard-edition
Origin.OFR.50.0002172,Need for Speed™ Payback Deluxe Edition,/store/need-for-speed/need-for-speed-payback/deluxe-edition
DR:235663500,Nox™,/store/nox/nox/standard-edition
OFB-EAST:109547401,Omerta: City of Gangsters,/store/omerta/omerta-city-of-gangsters/standard-edition
Origin.OFR.50.0001872,Battlefield™ 1 - Titanfall™ 2 Deluxe Bundle,/store/origin/battlefield-1-titanfall-2-deluxe-bundle/deluxe-edition
Origin.OFR.50.0002039,Orwell,/store/orwell/orwell/standard-edition
Origin.OFR.50.0002041,Orwell Original Soundtrack,/store/orwell/orwell/addon/orwell-original-soundtrack
Origin.OFR.50.0002040,Orwell Deluxe Edition,/store/orwell/orwell/deluxe-edition
Origin.OFR.50.0002183,Oxenfree,/store/oxenfree/oxenfree/standard-edition
Origin.OFR.50.0000461,Peggle®,/store/peggle/peggle/standard-edition
OFB-EAST:58738,Peggle® Nights,/store/peggle/peggle-nights/standard-edition
Origin.OFR.50.0000924,PILLARS OF ETERNITY: HERO EDITION,/store/pillars-of-eternity/pillars-of-eternity/hero-edition
Origin.OFR.50.0000922,PILLARS OF ETERNITY: CHAMPION EDITION,/store/pillars-of-eternity/pillars-of-eternity/champion-edition
Origin.OFR.50.0000923,PILLARS OF ETERNITY: ROYAL EDITION,/store/pillars-of-eternity/pillars-of-eternity/royal-edition
Origin.OFR.50.0001115,Pillars of Eternity: Expansion Pass,/store/pillars-of-eternity/pillars-of-eternity/addon/pillars-of-eternity-expansion-pass
Origin.OFR.50.0001116,Pillars of Eternity: The White March - Part I,/store/pillars-of-eternity/pillars-of-eternity/addon/pillars-of-eternity-the-white-march--part-i
Origin.OFR.50.0001117,Pillars of Eternity: The White March - Part II,/store/pillars-of-eternity/pillars-of-eternity/addon/pillars-of-eternity-the-white-march--part-ii
Origin.OFR.50.0000337,Planetary Annihilation,/store/planetary-annihilation/planetary-annihilation/standard-edition
OFB-EAST:48217,Plants vs. Zombies™ Game of the Year Edition,/store/plants-vs-zombies/plants-vs-zombies/standard-edition
OFB-EAST:109552442,Plants vs. Zombies™ Garden Warfare,/store/plants-vs-zombies/plants-vs-zombies-garden-warfare/standard-edition
OFB-EAST:109551084,Plants vs. Zombies™ Garden Warfare Digital Deluxe,/store/plants-vs-zombies/plants-vs-zombies-garden-warfare/digital-deluxe-edition
Origin.OFR.50.0000503,"Plants vs. Zombies Garden Warfare 30,000 Coin Pack",/store/plants-vs-zombies/plants-vs-zombies-garden-warfare/currency/plants-vs-zombies-garden-warfare-30-000-coin-pack
Origin.OFR.50.0000505,"Plants vs. Zombies Garden Warfare 85,000 Coin Pack",/store/plants-vs-zombies/plants-vs-zombies-garden-warfare/currency/plants-vs-zombies-garden-warfare-85-000-coin-pack
Origin.OFR.50.0000506,"Plants vs. Zombies Garden Warfare 13,500 Coin Pack",/store/plants-vs-zombies/plants-vs-zombies-garden-warfare/currency/plants-vs-zombies-garden-warfare-13-500-coin-pack
Origin.OFR.50.0000507,"Plants vs. Zombies Garden Warfare 200,000 Coin Pack",/store/plants-vs-zombies/plants-vs-zombies-garden-warfare/currency/plants-vs-zombies-garden-warfare-200-000-coin-pack
Origin.OFR.50.0000786,Plants vs. Zombies™ Garden Warfare 2: Standard Edition,/store/plants-vs-zombies/plants-vs-zombies-garden-warfare-2/standard-edition
Origin.OFR.50.0001051,Plants vs. Zombies™ Garden Warfare 2: Deluxe Edition,/store/plants-vs-zombies/plants-vs-zombies-garden-warfare-2/deluxe-edition
Origin.OFR.50.0001030,Plants vs. Zombies™ Garden Warfare 2: Deluxe Upgrade,/store/plants-vs-zombies/plants-vs-zombies-garden-warfare-2/addon/plants-vs-zombies-garden-warfare-2-deluxe-upgrade
Origin.OFR.50.0002260,Plants vs. Zombies™ Garden Warfare 2 - Hot Summer Nights Upgrade,/store/plants-vs-zombies/plants-vs-zombies-garden-warfare-2/addon/plants-vs-zombies-garden-warfare-2--hot-summer-nights-upgrade
Origin.OFR.50.0001038,"PvZ Garden Warfare 2 56,000 Coin Pack",/store/plants-vs-zombies/plants-vs-zombies-garden-warfare-2/currency/pvz-garden-warfare-2-56-000-coin-pack
Origin.OFR.50.0001040,"PvZ Garden Warfare 2 120,000 Coin Pack",/store/plants-vs-zombies/plants-vs-zombies-garden-warfare-2/currency/pvz-garden-warfare-2-120-000-coin-pack
Origin.OFR.50.0001042,"PvZ Garden Warfare 2 280,000 Coin Pack",/store/plants-vs-zombies/plants-vs-zombies-garden-warfare-2/currency/pvz-garden-warfare-2-280-000-coin-pack
Origin.OFR.50.0001044,"PvZ Garden Warfare 2 630,000 Coin Pack",/store/plants-vs-zombies/plants-vs-zombies-garden-warfare-2/currency/pvz-garden-warfare-2-630-000-coin-pack
Origin.OFR.50.0001528,"PvZ Garden Warfare 2 1,500,000 Coin Pack",/store/plants-vs-zombies/plants-vs-zombies-garden-warfare-2/currency/pvz-garden-warfare-2-1-500-000-coin-pack
DR:242312300,Club Pogo™ 1-Year Membership*,/store/pogo/club-pogo/game-time/club-pogo-1-year-membership-
DR:277072700,Club Pogo™ 3-Month Membership*,/store/pogo/club-pogo/game-time/club-pogo-3-month-membership-
DR:277857300,Club Pogo™ 6-Month Membership*,/store/pogo/club-pogo/game-time/club-pogo-6-month-membership-
Origin.OFR.50.0001992,Pony Island,/store/pony-island/pony-island/standard-edition
Origin.OFR.50.0000464,PopCap™ Hero Bundle,/store/popcap/popcap-hero-bundle/standard-edition
Origin.OFR.50.0000497,Populous™,/store/populous/populous/standard-edition
OFB-EAST:39134,Populous™ II: Trials of the Olympian Gods,/store/populous/populous-ii-trials-of-the-olympian-gods/standard-edition
OFB-EAST:39136,Populous™: The Beginning,/store/populous/populous-the-beginning/standard-edition
DR:81893300,Rail Simulator®,/store/rail-simulator/rail-simulator/standard-edition
OFB-EAST:109549485,Rayman® Origins,/store/rayman/rayman-origins/standard-edition
Origin.OFR.50.0000596,Rayman® Legends,/store/rayman/rayman-legends/standard-edition
Origin.OFR.50.0002166,Rebel Galaxy,/store/rebel-galaxy/rebel-galaxy/standard-edition
OFB-EAST:109550394,Remember Me™,/store/remember-me/remember-me/standard-edition
OFB-EAST:109549854,Resident Evil™ Revelations,/store/resident-evil/resident-evil-revelations/standard-edition
OFB-EAST:49026,Resident Evil™: Operation Raccoon City,/store/resident-evil/resident-evil-operation-raccoon-city/standard-edition
OFB-EAST:109548699,Resident Evil 6,/store/resident-evil/resident-evil-6/standard-edition
Origin.OFR.50.0002137,RiME,/store/rime/rime/standard-edition
OFB-EAST:50157,Risen 2: Dark Waters,/store/risen/risen-dark-waters/standard-edition
OFB-EAST:57293,RollerCoaster Tycoon 3 Platinum,/store/rollercoaster-tycoon/rollercoaster-tycoon-3/standard-edition
Origin.OFR.50.0001948,The Saboteur™,/store/saboteur/the-saboteur/standard-edition
OFB-EAST:40869,Saints Row: The Third,/store/saints-row/saints-row-the-third/standard-edition
OFB-EAST:57157,Saints Row the Third: The Full Package,/store/saints-row/saints-row-the-third/third-package-edition
Origin.OFR.50.0001467,Shadwen,/store/shadwen/shadwen/standard-edition
DR:231813200,Sid Meier's Alpha Centauri™,/store/sid-meiers/sid-meiers-alpha-centauri/standard-edition
DR:235664600,SimCity 2000™ Special Edition,/store/simcity/simcity-2000/special-edition
OFB-EAST:109547339,SimCity™ 4 Deluxe Edition,/store/simcity/simcity-4/deluxe-edition
OFB-EAST:60900,SimCity™ Societies,/store/simcity/simcity-societies/standard-edition
Origin.OFR.50.0000030,SimCity™,/store/simcity/simcity/standard-edition
Origin.OFR.50.0000741,SimCity™: Complete Edition,/store/simcity/simcity/complete-edition
Origin.OFR.50.0000143,SimCity™: Cities of Tomorrow,/store/simcity/simcity/expansion/simcity-cities-of-tomorrow
OFB-EAST:109548449,Airships Set,/store/simcity/simcity/addon/airships-set
OFB-EAST:109548655,The 100% Electric Nissan Leaf®,/store/simcity/simcity/addon/the-100-electric-nissan-leaf
OFB-EAST:109548807,Amusement Park Set,/store/simcity/simcity/addon/amusement-park-set
OFB-EAST:60173,German City Set,/store/simcity/simcity/addon/german-city-set
OFB-EAST:60174,French City Set,/store/simcity/simcity/addon/french-city-set
OFB-EAST:60175,British City Set,/store/simcity/simcity/addon/british-city-set
OFB-EAST:60400,SimCity™ Digital Deluxe Upgrade Pack,/store/simcity/simcity/addon/simcity-digital-deluxe-upgrade-pack
OFB-EAST:50881, Sniper Elite V2,/store/sniper-elite/sniper-elite-v2/standard-edition
OFB-EAST:50652,Sniper Elite V2,/store/sniper-elite/sniper-elite-v2/standard-edition
Origin.OFR.50.0001737,South Park™: The Fractured But Whole™,/store/south-park/south-park-the-fractured-but-whole/standard-edition
Origin.OFR.50.0001858,South Park™: The Fractured But Whole™ Gold Edition,/store/south-park/south-park-the-fractured-but-whole/gold-edition
DR:99447600,SPORE™,/store/spore/spore/standard-edition
DR:108090800,SPORE™ Creepy & Cute Parts Pack,/store/spore/spore/expansion/spore-creepy--cute-parts-pack
DR:110592000,SPORE™ Galactic Adventures,/store/spore/spore-galactic-adventures/expansion/spore-galactic-adventures
DR:96890600,SPORE™ Creature Creator (PC Download),/store/spore/spore-creature-creator/standard-edition
DR:231240400,Star Wars™: The Old Republic™ Digital Starter Pack,/store/star-wars/star-wars-the-old-republic/standard-edition
Origin.OFR.50.0001894,STAR WARS™: The Old Republic™ - Knights of the Eternal Throne – Origin Eternal Empire Pack,/store/star-wars/star-wars-the-old-republic/deluxe-pack
Origin.OFR.50.0000006,STAR WARS™: The Old Republic™,/store/star-wars/star-wars-the-old-republic/free-to-play
Origin.OFR.50.0001211,STAR WARS™ Battlefront™ Ultimate Edition,/store/star-wars/star-wars-battlefront/ultimate-edition
Origin.OFR.50.0001167,STAR WARS™ Battlefront™ Outer Rim,/store/star-wars/star-wars-battlefront/expansion/star-wars-battlefront-outer-rim
Origin.OFR.50.0001173,STAR WARS™ Battlefront™ Season Pass,/store/star-wars/star-wars-battlefront/expansion/star-wars-battlefront-season-pass
Origin.OFR.50.0001168,STAR WARS™ Battlefront™ Bespin,/store/star-wars/star-wars-battlefront/expansion/star-wars-battlefront-bespin
Origin.OFR.50.0001169,STAR WARS™ Battlefront™ Death Star,/store/star-wars/star-wars-battlefront/expansion/star-wars-battlefront-death-star
Origin.OFR.50.0001170,STAR WARS™ Battlefront™ Rogue One™: Scarif,/store/star-wars/star-wars-battlefront/expansion/star-wars-battlefront-rogue-one-scarif
Origin.OFR.50.0000926,STAR WARS™ Battlefront™ Deluxe Edition Content,/store/star-wars/star-wars-battlefront/addon/star-wars-battlefront-deluxe-edition-content
Origin.OFR.50.0001270,STAR WARS™ Battlefront™ Survivalist Upgrade Pack,/store/star-wars/star-wars-battlefront/addon/star-wars-battlefront-survivalist-upgrade-pack
Origin.OFR.50.0001271,STAR WARS™ Battlefront™ Ultimate Upgrade Pack,/store/star-wars/star-wars-battlefront/addon/star-wars-battlefront-ultimate-upgrade-pack
Origin.OFR.50.0001272,STAR WARS™ Battlefront™ Bodyguard Upgrade Pack,/store/star-wars/star-wars-battlefront/addon/star-wars-battlefront-bodyguard-upgrade-pack
Origin.OFR.50.0001273,STAR WARS™ Battlefront™ Scout Upgrade Pack,/store/star-wars/star-wars-battlefront/addon/star-wars-battlefront-scout-upgrade-pack
Origin.OFR.50.0001274,STAR WARS™ Battlefront™ Sharpshooter Upgrade Pack,/store/star-wars/star-wars-battlefront/addon/star-wars-battlefront-sharpshooter-upgrade-pack
Origin.OFR.50.0001275,STAR WARS™ Battlefront™ Bounty Hunter Upgrade Pack,/store/star-wars/star-wars-battlefront/addon/star-wars-battlefront-bounty-hunter-upgrade-pack
Origin.OFR.50.0002030,STAR WARS™ Battlefront™ II,/store/star-wars/star-wars-battlefront-2/standard-edition
Origin.OFR.50.0002033,STAR WARS™ Battlefront™ II: Elite Trooper Deluxe Edition,/store/star-wars/star-wars-battlefront-2/deluxe-edition
OFB-EAST:48216,Starflight™ 1,/store/starflight/starflight/standard-edition
OFB-EAST:50648,Starflight™ 2,/store/starflight/starflight-2/standard-edition
OFB-EAST:40871,Super Street Fighter® IV Arcade Edition,/store/street-fighter/super-street-fighter-iv/arcade-edition
OFB-EAST:49028,Street Fighter® X Tekken®,/store/street-fighter/street-fighter-x-tekken/standard-edition
OFB-EAST:54723,Stronghold 3 Gold,/store/stronghold/stronghold-3/standard-edition
Origin.OFR.50.0001959,Syberia II,/store/syberia/syberia-2/standard-edition
Origin.OFR.50.0001967,Syberia 3,/store/syberia/syberia-3/standard-edition
Origin.OFR.50.0001968,Syberia 3 Deluxe Edition,/store/syberia/syberia-3/deluxe-edition
OFB-EAST:60531,Syndicate™ (1993),/store/syndicate/syndicate-1993/standard-edition
OFB-EAST:60978,Syndicate™,/store/syndicate/syndicate/standard-edition
Origin.OFR.50.0000471,Tales from the Dragon Mountain 2: The Lair,/store/tales-from-the-dragon-mountain/tales-from-the-dragon-mountain-the-lair/standard-edition
OFB-EAST:64312,The Sims™ 3 Starter Pack,/store/the-sims/the-sims-3/standard-edition
OFB-EAST:109545106,The Sims™ 3 World Adventures Expansion Pack,/store/the-sims/the-sims-3/expansion/the-sims-3-world-adventures-expansion-pack
Origin.OFR.50.0001226,The Sims™ 3 Ambitions,/store/the-sims/the-sims-3/expansion/the-sims-3-ambitions
Origin.OFR.50.0001227,The Sims™ 3 Late Night Expansion Pack,/store/the-sims/the-sims-3/expansion/the-sims-3-late-night-expansion-pack
Origin.OFR.50.0001228,The Sims™ 3 Generations,/store/the-sims/the-sims-3/expansion/the-sims-3-generations
OFB-EAST:60968,The Sims™ 3 Pets,/store/the-sims/the-sims-3/expansion/the-sims-3-pets
Origin.OFR.50.0000058,The Sims™ 3 Island Paradise,/store/the-sims/the-sims-3/expansion/the-sims-3-island-paradise
OFB-EAST:60964,The Sims™ 3 Seasons,/store/the-sims/the-sims-3/expansion/the-sims-3-seasons
OFB-EAST:60970,The Sims™ 3 Showtime,/store/the-sims/the-sims-3/expansion/the-sims-3-showtime
OFB-EAST:60984,The Sims™ 3 Supernatural,/store/the-sims/the-sims-3/expansion/the-sims-3-supernatural
Origin.OFR.50.0000013,The Sims™ 3 University Life,/store/the-sims/the-sims-3/expansion/the-sims-3-university-life
Origin.OFR.50.0000167,The Sims™ 3 Into the Future,/store/the-sims/the-sims-3/expansion/the-sims-3-into-the-future
DR:284184500,The Sims™ 3 Expansion Bundle,/store/the-sims/the-sims-3/expansion/the-sims-3-expansion-bundle
DR:178231500,1000 SimPoints,/store/the-sims/the-sims-3/currency/1000-simpoints
DR:178231600,2040 SimPoints,/store/the-sims/the-sims-3/currency/2040-simpoints
DR:178231700,5000 SimPoints,/store/the-sims/the-sims-3/currency/5000-simpoints
DR:224980900,10600 SimPoints,/store/the-sims/the-sims-3/currency/10600-simpoints
DR:232473600,24360 SimPoints,/store/the-sims/the-sims-3/currency/24360-simpoints
DR:156751300,The Sims™ 3 High-End Loft Stuff,/store/the-sims/the-sims-3/addon/the-sims-3-high-end-loft-stuff
DR:191313700,The Sims™ 3 Fast Lane Stuff,/store/the-sims/the-sims-3/addon/the-sims-3-fast-lane-stuff
DR:215625800,The Sims™ 3 Outdoor Living Stuff,/store/the-sims/the-sims-3/addon/the-sims-3-outdoor-living-stuff
DR:226584700,The Sims™ 3 Barnacle Bay,/store/the-sims/the-sims-3/addon/the-sims-3-barnacle-bay
DR:227821700,The Sims™ 3 Town Life Stuff,/store/the-sims/the-sims-3/addon/the-sims-3-town-life-stuff
DR:231553700,The Sims™ 3 Master Suite Stuff,/store/the-sims/the-sims-3/addon/the-sims-3-master-suite-stuff
DR:245522300,The Sims™ 3 Hidden Springs,/store/the-sims/the-sims-3/addon/the-sims-3-hidden-springs
DR:260911200,The Sims™ 3 Monte Vista,/store/the-sims/the-sims-3/addon/the-sims-3-monte-vista
OFB-EAST:109550910,The Sims™ 3 Dragon Valley,/store/the-sims/the-sims-3/addon/the-sims-3-dragon-valley
OFB-EAST:43769,The Sims™ 3 Diesel Stuff,/store/the-sims/the-sims-3/addon/the-sims-3-diesel-stuff
OFB-EAST:60962,"The Sims™ 3 70s, 80s, & 90s Stuff",/store/the-sims/the-sims-3/addon/the-sims-3-70s-80s--90s-stuff
Origin.OFR.50.0000124,The Sims™ 3 Movie Stuff,/store/the-sims/the-sims-3/addon/the-sims-3-movie-stuff
Origin.OFR.50.0000434,The Sims™ 3 Roaring Heights,/store/the-sims/the-sims-3/addon/the-sims-3-roaring-heights
Origin.OFR.50.0001266,The Sims™ 3 Dragon Valley Gold Edition,/store/the-sims/the-sims-3/addon/the-sims-3-dragon-valley-gold-edition
Origin.OFR.50.0001267,The Sims™ 3 Roaring Heights Gold Edition,/store/the-sims/the-sims-3/addon/the-sims-3-roaring-heights-gold-edition
DR:279272900,The Sims™ 3 Worlds Bundle,/store/the-sims/the-sims-3/addon/the-sims-3-worlds-bundle
OFB-EAST:60771,The Sims Medieval™ Deluxe Pack,/store/the-sims/the-sims-medieval/deluxe-edition
OFB-EAST:109552299,The Sims™ 4,/store/the-sims/the-sims-4/standard-edition
OFB-EAST:109552414,The Sims™ 4 Digital Deluxe,/store/the-sims/the-sims-4/digital-deluxe-edition
SIMS4.OFF.SOLP.0x0000000000011AC5,The Sims™ 4 Get to Work,/store/the-sims/the-sims-4/expansion/the-sims-4-get-to-work
SIMS4.OFF.SOLP.0x00000000000170FF,The Sims™ 4 Get Together,/store/the-sims/the-sims-4/expansion/the-sims-4-get-together
SIMS4.OFF.SOLP.0x000000000001D5ED,The Sims™ 4 City Living,/store/the-sims/the-sims-4/expansion/the-sims-4-city-living
SIMS4.OFF.SOLP.0x000000000002714B,The Sims 4 Cats and Dogs,/store/the-sims/the-sims-4/expansion/the-sims-4-cats-and-dogs
SIMS4.OFF.SOLP.0x000000000000AB5C,The Sims™ 4 Digital Deluxe Upgrade,/store/the-sims/the-sims-4/addon/the-sims-4-digital-deluxe-upgrade
SIMS4.OFF.SOLP.0x0000000000011A4B,The Sims™ 4 Outdoor Retreat,/store/the-sims/the-sims-4/addon/the-sims-4-outdoor-retreat
SIMS4.OFF.SOLP.0x000000000001266C,Holiday Celebration Pack,/store/the-sims/the-sims-4/addon/holiday-celebration-pack
SIMS4.OFF.SOLP.0x0000000000016390,The Sims™ 4 Luxury Party Stuff,/store/the-sims/the-sims-4/addon/the-sims-4-luxury-party-stuff
SIMS4.OFF.SOLP.0x0000000000016B37,The Sims™ 4 Perfect Patio Stuff,/store/the-sims/the-sims-4/addon/the-sims-4-perfect-patio-stuff
SIMS4.OFF.SOLP.0x0000000000016C2A,The Sims™ 4 Spa Day,/store/the-sims/the-sims-4/addon/the-sims-4-spa-day
SIMS4.OFF.SOLP.0x0000000000018B66,The Sims™ 4 Cool Kitchen Stuff,/store/the-sims/the-sims-4/addon/the-sims-4-cool-kitchen-stuff
SIMS4.OFF.SOLP.0x0000000000019B59,The Sims™ 4 Spooky Stuff,/store/the-sims/the-sims-4/addon/the-sims-4-spooky-stuff
SIMS4.OFF.SOLP.0x000000000001A9A7,The Sims™ 4 Movie Hangout Stuff,/store/the-sims/the-sims-4/addon/the-sims-4-movie-hangout-stuff
SIMS4.OFF.SOLP.0x000000000001C03A,The Sims™ 4 Dine Out,/store/the-sims/the-sims-4/addon/the-sims-4-dine-out
SIMS4.OFF.SOLP.0x000000000001C04E,The Sims™ 4 Romantic Garden Stuff,/store/the-sims/the-sims-4/addon/the-sims-4-romantic-garden-stuff
SIMS4.OFF.SOLP.0x000000000001D5F2,The Sims™ 4 Kids Room Stuff,/store/the-sims/the-sims-4/addon/the-sims-4-kids-room-stuff
SIMS4.OFF.SOLP.0x0000000000020176,The Sims™ 4 Backyard Stuff,/store/the-sims/the-sims-4/addon/the-sims-4-backyard-stuff
SIMS4.OFR.50.0000052,Super Duper Sims Test Offer: Preorder,/store/the-sims/the-sims-4/addon/super-duper-sims-test-offer-preorder
SIMS4.OFR.50.0000053,Super Duper Sims Test Offer: Discounted,/store/the-sims/the-sims-4/addon/super-duper-sims-test-offer-discounted
SIMS4.OFR.50.0000056,Super Duper Sims Test Offer: Discounted Preorder,/store/the-sims/the-sims-4/addon/super-duper-sims-test-offer-discounted-preorder
Origin.OFR.50.0001824,"The Sims™ 4 Bundle - Get to Work, Outdoor Retreat, Luxury Party Stuff",/store/the-sims/the-sims-4/addon/the-sims-4-bundle--get-to-work-outdoor-retreat-luxury-party-stuff
SIMS4.OFF.SOLP.0x0000000000022C32,The Sims™ 4 Vintage Glamour Stuff,/store/the-sims/the-sims-4/addon/the-sims-4-vintage-glamour-stuff
Origin.OFR.50.0001827,"The Sims™ 4 Bundle - Get Together, Spa Day, Movie Hangout Stuff",/store/the-sims/the-sims-4/addon/the-sims-4-bundle--get-together-spa-day-movie-hangout-stuff
SIMS4.OFF.SOLP.0x000000000002376D,The Sims™ 4 Vampires,/store/the-sims/the-sims-4/addon/the-sims-4-vampires
SIMS4.OFF.SOLP.0x0000000000027128,The Sims™ 4 Bowling Night Stuff,/store/the-sims/the-sims-4/addon/the-sims-4-bowling-night-stuff
SIMS4.OFF.SOLP.0x0000000000027890,The Sims™ 4 Parenthood,/store/the-sims/the-sims-4/addon/the-sims-4-parenthood
SIMS4.OFF.SOLP.0x0000000000028FE2,The Sims™ 4 Fitness Stuff,/store/the-sims/the-sims-4/addon/the-sims-4-fitness-stuff
SIMS4.OFR.50.0000054,Super Duper Sims Test Offer Base Game,/store/the-sims/the-sims-4/gold-edition
Origin.OFR.50.0002190,The Surge,/store/the-surge/the-surge/standard-edition
Origin.OFR.50.0002257,The Surge - CREO Special Employee Kit,/store/the-surge/the-surge/addon/the-surge--creo-special-employee-kit
Origin.OFR.50.0000500,Theme Hospital™,/store/theme/theme-hospital/standard-edition
Origin.OFR.50.0001235,This War of Mine™,/store/this-war-of-mine/this-war-of-mine/standard-edition
Origin.OFR.50.0001258,This War of Mine™ - War Child Charity DLC Rank 1,/store/this-war-of-mine/this-war-of-mine/addon/this-war-of-mine--war-child-charity-dlc-rank-1
Origin.OFR.50.0001268,This War of Mine™ - War Child Charity DLC Rank 2,/store/this-war-of-mine/this-war-of-mine/addon/this-war-of-mine--war-child-charity-dlc-rank-2
Origin.OFR.50.0001269,This War of Mine™ - War Child Charity DLC Rank 3,/store/this-war-of-mine/this-war-of-mine/addon/this-war-of-mine--war-child-charity-dlc-rank-3
Origin.OFR.50.0001587,This War of Mine™: The Little Ones DLC,/store/this-war-of-mine/this-war-of-mine/addon/this-war-of-mine-the-little-ones-dlc
Origin.OFR.50.0001829,Titan Quest Anniversary Edition,/store/titan-quest/titan-quest/anniversary-edition
Origin.OFR.50.0000739,Titanfall™ Deluxe Edition,/store/titanfall/titanfall/deluxe-edition
Origin.OFR.50.0000440,Titanfall™ Expedition,/store/titanfall/titanfall/expansion/titanfall-expedition
Origin.OFR.50.0000446,Titanfall™ Season Pass,/store/titanfall/titanfall/expansion/titanfall-season-pass
Origin.OFR.50.0000447,Titanfall™ IMC Rising,/store/titanfall/titanfall/expansion/titanfall-imc-rising
Origin.OFR.50.0000448,Titanfall™ Frontier's Edge,/store/titanfall/titanfall/expansion/titanfall-frontiers-edge
Origin.OFR.50.0000457,The Final Hours of Titanfall™,/store/titanfall/titanfall/addon/the-final-hours-of-titanfall
Origin.OFR.50.0001454,Titanfall™ 2 Deluxe Edition,/store/titanfall/titanfall-2/deluxe-edition
Origin.OFR.50.0001451,Titanfall™ 2,/store/titanfall/titanfall-2/standard-edition
Origin.OFR.50.0001466,Titanfall™ 2 Deluxe Edition Content,/store/titanfall/titanfall-2/addon/titanfall-2-deluxe-edition-content
Origin.OFR.50.0001465,Titanfall™ 2 Nitro Scorch Pack,/store/titanfall/titanfall-2/addon/titanfall-2-nitro-scorch-pack
Origin.OFR.50.0001883,Titanfall™ 2: Angel City's Most Wanted Bundle,/store/titanfall/titanfall-2/addon/titanfall-2-angel-citys-most-wanted-bundle
Origin.OFR.50.0001915,Titanfall™ 2: Colony Reborn Bundle,/store/titanfall/titanfall-2/addon/titanfall-2-colony-reborn-bundle
Origin.OFR.50.0001926,Titanfall™ 2: Monarch's Reign Bundle,/store/titanfall/titanfall-2/addon/titanfall-2-monarchs-reign-bundle
Origin.OFR.50.0002226,Titanfall™ 2: Prime Titan Bundle,/store/titanfall/titanfall-2/addon/titanfall-2-prime-titan-bundle
OFB-EAST:109549423,GRID 2™,/store/toca-touring-car/grid-2/standard-edition
OFB-EAST:59715,Tom Clancy's Splinter Cell Conviction™ Deluxe Edition,/store/tom-clancy/tom-clancys-splinter-cell-conviction/deluxe-edition
Origin.OFR.50.0000136,Tom Clancy's Splinter Cell Blacklist™ Digital Deluxe Edition,/store/tom-clancy/tom-clancys-splinter-cell-blacklist/digital-deluxe-edition
Origin.OFR.50.0001316,Tom Clancy’s The Division™ Gold Edition,/store/tom-clancy/tom-clancys-the-division/gold-edition
Origin.OFR.50.0001319,Tom Clancy’s The Division™,/store/tom-clancy/tom-clancys-the-division/standard-edition
Origin.OFR.50.0001321,Tom Clancy’s The Division™ Season Pass,/store/tom-clancy/tom-clancys-the-division/addon/tom-clancy-s-the-division-season-pass
Origin.OFR.50.0001803,Tom Clancy's Ghost Recon® Wildlands Deluxe Edition,/store/tom-clancy/tom-clancys-ghost-recon/deluxe-edition
Origin.OFR.50.0001815,Tom Clancy's Ghost Recon® Wildlands Gold Edition,/store/tom-clancy/tom-clancys-ghost-recon/gold-edition
Origin.OFR.50.0001791,Tom Clancy's Ghost Recon® Wildlands,/store/tom-clancy/tom-clancys-ghost-recon/standard-edition
Origin.OFR.50.0001977,Tom Clancy’s Ghost Recon® Wildlands - Season Pass,/store/tom-clancy/tom-clancys-ghost-recon/expansion/tom-clancy-s-ghost-recon-wildlands--season-pass
OFB-EAST:109548313,Tomb Raider,/store/tomb-raider/tomb-raider/standard-edition
OFB-EAST:109548316,Tomb Raider Survival Edition,/store/tomb-raider/tomb-raider/survival-edition
Origin.OFR.50.0000693,Tomb Raider I + II + III Bundle,/store/tomb-raider/tomb-raider-i-ii-iii-bundle/standard-edition
Origin.OFR.50.0000697,Tomb Raider IV + V Bundle,/store/tomb-raider/tomb-raider-iv-v-bundle/standard-edition
Origin.OFR.50.0000696,Tomb Raider: The Angel of Darkness,/store/tomb-raider/tomb-raider-the-angel-of-darkness/standard-edition
Origin.OFR.50.0001241,Torchlight II™,/store/torchlight/torchlight-ii/standard-edition
Origin.OFR.50.0002239,Torment: Tides of Numenera,/store/torment/torment-tides-of-numenera/standard-edition
Origin.OFR.50.0002240,Torment: Tides of Numenera Legacy Edition,/store/torment/torment-tides-of-numenera/legacy-edition
Origin.OFR.50.0002241,Torment: Tides of Numenera Immortal Edition,/store/torment/torment-tides-of-numenera/immortal-edition
OFB-EAST:109545714,Rome: Total War™ Gold Edition (MAC),/store/total-war/rome-total-war/gold-edition
OFB-EAST:109549261,Trials Evolution: Gold Edition,/store/trials/trials-evolution/gold-edition
Origin.OFR.50.0001309,Trine™ Enchanted Edition,/store/trine/trine/standard-edition
Origin.OFR.50.0001310,Trine 2™: Complete Story,/store/trine/trine-2/standard-edition
Origin.OFR.50.0001311,Trine 3: The Artifacts of Power,/store/trine/trine-3/standard-edition
OFB-EAST:109545717,Tropico 3: Gold Edition (MAC),/store/tropico/tropico-3/gold-edition
Origin.OFR.50.0001826,Tyranny™ Overlord Edition,/store/tyranny/tyranny/overlord-edition
Origin.OFR.50.0001825,Tyranny™ Archon Edition,/store/tyranny/tyranny/archon-edition
Origin.OFR.50.0001822,Tyranny™ Commander Edition,/store/tyranny/tyranny/commander-edition
Origin.OFR.50.0002147,Tyranny™ - Portrait Pack,/store/tyranny/tyranny/addon/tyranny--portrait-pack
Origin.OFR.50.0002278,Tyranny™: Tales from the Tiers,/store/tyranny/tyranny/addon/tyranny-tales-from-the-tiers
DR:245997700,Ultima Online 1 Month Game Time Code,/store/ultima/ultima-online/game-time/ultima-online-1-month-game-time-code
DR:241220900,Ultima Online™ 3 Month Game Time Code,/store/ultima/ultima-online/game-time/ultima-online-3-month-game-time-code
DR:241221000,Ultima Online™ 6 Month Game Time Code,/store/ultima/ultima-online/game-time/ultima-online-6-month-game-time-code
DR:135931300,Ultima Online™: Stygian Abyss™ (Account Upgrade),/store/ultima/ultima-online/expansion/ultima-online-stygian-abyss-account-upgrade-
DR:156849100,Ultima Online:™ Stygian Abyss Expansion Pack + 30 Days Game Time,/store/ultima/ultima-online/expansion/ultima-online-stygian-abyss-expansion-pack--30-days-game-time
Origin.OFR.50.0001193,Ultima Online™ Time of Legends,/store/ultima/ultima-online/expansion/ultima-online-time-of-legends
DR:220001700,Ultima Online™: High Seas Booster,/store/ultima/ultima-online/addon/ultima-online-high-seas-booster
DR:241434500,Rustic Theme Pack,/store/ultima/ultima-online/addon/rustic-theme-pack
DR:241434600,Ultima Online™ 7th Character Slot and Storage,/store/ultima/ultima-online/addon/ultima-online-7th-character-slot-and-storage
DR:241435300,Ultima Online™ 7th Character Slot Code,/store/ultima/ultima-online/addon/ultima-online-7th-character-slot-code
DR:244033100,Ultima Online™ Gothic Theme Pack,/store/ultima/ultima-online/addon/ultima-online-gothic-theme-pack
DR:244034800,Ultima Online™ Housing and Bank Storage Upgrade Code,/store/ultima/ultima-online/addon/ultima-online-housing-and-bank-storage-upgrade-code
Origin.OFR.50.0001517,Ultima Online™ 500 Sovereigns Pack,/store/ultima/ultima-online/currency/ultima-online-500-sovereigns-pack
Origin.OFR.50.0001518,Ultima Online™ 1000 Sovereigns Pack,/store/ultima/ultima-online/currency/ultima-online-1000-sovereigns-pack
Origin.OFR.50.0001519,Ultima Online™ 2000 Sovereigns Pack,/store/ultima/ultima-online/currency/ultima-online-2000-sovereigns-pack
Origin.OFR.50.0001520,Ultima Online™ 5000 Sovereigns Pack,/store/ultima/ultima-online/currency/ultima-online-5000-sovereigns-pack
OFB-EAST:109551086,Ultima Online™ King’s Collection Theme Pack,/store/ultima/ultima-online/currency/ultima-online-king-s-collection-theme-pack
DR:235664900,Ultima™ Underworld 1,/store/ultima/ultima-underworld-the-stygian-abyss/standard-edition
DR:235665000,Ultima™ Underworld 2,/store/ultima/ultima-underworld-ii-labyrinth-of-worlds/standard-edition
OFB-EAST:39130,Ultima I: The First Age of Darkness,/store/ultima/ultima-i-the-first-age-of-darkness/standard-edition
OFB-EAST:39464,Ultima II: The Revenge of the Enchantress,/store/ultima/ultima-ii-the-revenge-of-the-enchantress/standard-edition
OFB-EAST:39465,Ultima III: Exodus,/store/ultima/ultima-iii-exodus/standard-edition
OFB-EAST:39466,Ultima IV: Quest of the Avatar,/store/ultima/ultima-iv-quest-of-the-avatar/standard-edition
OFB-EAST:39467,Ultima V: Warriors of Destiny,/store/ultima/ultima-v-warriors-of-destiny/standard-edition
OFB-EAST:39468,Ultima VI: The False Prophet,/store/ultima/ultima-vi-the-false-prophet/standard-edition
OFB-EAST:39470,Ultima™ VII: The Complete Edition,/store/ultima/ultima-vii/complete-edition
OFB-EAST:39471,Ultima™ VIII Gold Edition,/store/ultima/ultima-viii-pagan/gold-edition
OFB-EAST:39469,Ultima™ IX: Ascension,/store/ultima/ultima-ix-ascension/standard-edition
Origin.OFR.50.0000823,Unravel™,/store/unravel/unravel/standard-edition
OFB-EAST:109550789,Vacation Quest™ - Australia,/store/vacation-quest/vacation-quest-australia/standard-edition
OFB-EAST:109552150,Vacation Quest™ - The Hawaiian Islands,/store/vacation-quest/vacation-quest-the-hawaiian-islands/standard-edition
OFB-EAST:50653,The Walking Dead,/store/walking-dead/the-walking-dead/standard-edition
OFB-EAST:47874,Wargame: European Escalation,/store/wargame/wargame-european-escalation/standard-edition
OFB-EAST:58066,Warp,/store/warp/warp/standard-edition
Origin.OFR.50.0001190,Wasteland™ 2: Director’s Cut Digital Deluxe Edition,/store/wasteland/wasteland-2/digital-deluxe-edition
Origin.OFR.50.0001189,Wasteland™ 2: Director’s Cut Classic Edition,/store/wasteland/wasteland-2/classic-edition
Origin.OFR.50.0000538,Watch_Dogs™,/store/watch-dogs/watch-dogs/standard-edition
Origin.OFR.50.0000474,Watch_Dogs™ Season Pass,/store/watch-dogs/watch-dogs/addon/watch-dogs-season-pass
Origin.OFR.50.0001616,Watch_Dogs® 2,/store/watch-dogs/watch-dogs-2/standard-edition
Origin.OFR.50.0001628,Watch_Dogs® 2 Deluxe Edition,/store/watch-dogs/watch-dogs-2/deluxe-edition
Origin.OFR.50.0001638,Watch_Dogs® 2 Gold Edition,/store/watch-dogs/watch-dogs-2/gold-edition
Origin.OFR.50.0001898,Watch_Dogs® 2 - Season Pass,/store/watch-dogs/watch-dogs-2/addon/watch-dogs-2--season-pass
OFB-EAST:39133,Wing Commander™ 1,/store/wing-commander/wing-commander/standard-edition
DR:231813400,Wing Commander™: Privateer,/store/wing-commander/wing-commander-privateer/standard-edition
OFB-EAST:39135,Wing Commander™ II,/store/wing-commander/wing-commander-ii-vengeance-of-the-kilrathi/standard-edition
DR:235664700,Wing Commander 3™: Heart of the Tiger,/store/wing-commander/wing-commander-iii-heart-of-the-tiger/standard-edition
OFB-EAST:39460,Wing Commander™ IV: The Price of Freedom,/store/wing-commander/wing-commander-iv-the-price-of-freedom/standard-edition
OFB-EAST:51990,The Witcher: Enhanced Edition,/store/witcher/the-witcher/enhanced-edition
OFB-EAST:49582,The Witcher 2: Assassins of Kings Enhanced Edition,/store/witcher/the-witcher-assassins-of-kings/enhanced-edition
Origin.OFR.50.0001672,The Witcher® 3: Wild Hunt Game of the Year,/store/witcher/the-witcher-wild-hunt/game-of-the-year-edition
Origin.OFR.50.0000743,The Witcher® 3: Wild Hunt,/store/witcher/the-witcher-wild-hunt/standard-edition
Origin.OFR.50.0000982,The Witcher® 3: Wild Hunt Expansion Pass,/store/witcher/the-witcher-wild-hunt/expansion/the-witcher-3-wild-hunt-expansion-pass
Origin.OFR.50.0000988,The Witcher® 3: Wild Hunt - Hearts of Stone,/store/witcher/the-witcher-wild-hunt/addon/the-witcher-3-wild-hunt--hearts-of-stone
Origin.OFR.50.0000989,The Witcher® 3: Wild Hunt Blood and Wine,/store/witcher/the-witcher-wild-hunt/addon/the-witcher-3-wild-hunt-blood-and-wine
Origin.OFR.50.0001014,The Witcher® 3: Wild Hunt French Voice-Over Pack,/store/witcher/the-witcher-wild-hunt/addon/the-witcher-3-wild-hunt-french-voice-over-pack
Origin.OFR.50.0001015,The Witcher® 3: Wild Hunt Japanese Voice-Over Pack,/store/witcher/the-witcher-wild-hunt/addon/the-witcher-3-wild-hunt-japanese-voice-over-pack
Origin.OFR.50.0001016,The Witcher® 3: Wild Hunt Polish Voice-Over Pack,/store/witcher/the-witcher-wild-hunt/addon/the-witcher-3-wild-hunt-polish-voice-over-pack
Origin.OFR.50.0001017,The Witcher® 3: Wild Hunt Russian Voice-Over Pack,/store/witcher/the-witcher-wild-hunt/addon/the-witcher-3-wild-hunt-russian-voice-over-pack
Origin.OFR.50.0001019,The Witcher® 3: Wild Hunt English Voice-Over Pack,/store/witcher/the-witcher-wild-hunt/addon/the-witcher-3-wild-hunt-english-voice-over-pack
Origin.OFR.50.0001020,The Witcher® 3: Wild Hunt German Voice-Over Pack,/store/witcher/the-witcher-wild-hunt/addon/the-witcher-3-wild-hunt-german-voice-over-pack
Origin.OFR.50.0001036,The Witcher® 3: Wild Hunt Brazilian Portuguese Voice-Over Pack,/store/witcher/the-witcher-wild-hunt/addon/the-witcher-3-wild-hunt-brazilian-portuguese-voice-over-pack
OFB-EAST:52735,Zuma's Revenge™,/store/zuma/zumas-revenge/standard-edition